age_group,location,business_type,revenue,credit_need,payment_delay,digital,trust,inventory_value,cash_shortage_freq,interest,loan_size,cluster
4,3,4,2,3,1,0,3,2,2,0,613206,0
5,2,5,1,2,1,1,1,1,1,0,330894,0
3,2,3,3,4,3,0,1,2,2,0,771265,3
5,3,3,2,4,1,1,2,2,3,1,672807,0
5,2,3,3,3,3,0,4,2,3,0,741143,1
2,3,5,1,4,1,0,3,4,1,0,739514,3
3,4,4,3,1,1,1,2,1,3,0,519965,3
3,4,4,1,1,5,1,3,4,1,0,540412,1
3,4,1,2,1,5,0,4,2,1,0,502229,2
5,2,5,1,4,1,1,4,3,2,1,642748,0
4,2,1,3,2,4,0,4,2,1,0,691273,1
3,3,5,1,2,4,1,4,1,2,1,348090,3
5,2,1,4,4,1,1,3,3,1,0,1010102,0
2,3,2,4,2,4,0,1,1,2,0,718041,2
4,3,3,1,2,1,0,1,2,3,0,423374,0
2,3,3,3,4,5,0,4,1,1,0,736116,2
4,2,4,1,1,2,0,4,4,2,0,525375,0
5,1,2,2,4,3,0,1,3,1,0,732393,0
1,2,3,3,1,4,1,2,1,2,1,521802,2
4,1,4,3,1,4,1,4,3,2,1,706462,1
2,4,2,3,2,5,0,1,3,1,0,744911,2
5,2,3,1,2,4,1,2,2,1,0,430064,1
4,1,1,2,1,1,1,1,2,3,0,480655,0
1,1,5,1,1,1,1,2,3,3,0,471864,3
1,3,2,3,2,2,1,3,1,3,0,576410,2
3,3,4,2,3,2,1,2,3,1,0,706165,3
3,2,2,3,1,2,1,4,2,3,0,610381,0
2,1,4,1,1,1,0,2,1,2,0,315799,3
4,2,2,2,1,2,0,2,3,1,0,583678,0
4,2,4,2,2,2,1,4,2,2,0,552970,0
3,3,3,1,4,1,0,3,3,2,0,636321,0
4,3,1,2,1,5,1,2,3,2,1,568507,1
4,2,3,4,1,4,0,3,3,1,0,808235,1
1,2,1,4,1,3,1,1,1,1,0,677683,2
3,4,3,2,4,1,0,1,2,3,0,662863,0
5,2,3,2,4,1,1,4,2,3,1,694725,0
3,3,2,1,1,3,1,3,4,3,0,511615,2
5,1,5,4,1,3,0,4,3,3,0,800582,1
1,2,4,1,3,2,0,4,3,2,0,577338,3
2,1,4,4,4,3,1,2,4,1,0,1059397,3
4,3,4,2,3,4,0,1,3,3,1,706794,1
1,4,1,2,1,4,0,4,1,2,0,419655,2
4,2,4,4,1,4,0,2,4,1,0,909637,1
2,1,4,1,1,4,1,2,2,1,0,393639,3
2,1,2,2,1,4,1,3,3,1,0,568830,2
1,2,3,2,2,2,1,1,2,2,0,566080,3
2,1,4,1,2,1,1,3,3,3,0,498014,3
5,1,5,2,2,3,1,3,4,1,0,727787,1
2,3,4,3,3,1,1,4,2,2,1,753061,3
4,2,1,3,4,3,1,3,3,1,0,853216,0
4,2,1,1,1,2,0,4,1,2,0,291859,0
4,4,1,4,4,2,0,3,4,3,0,1070053,0
4,1,4,1,2,5,1,2,3,3,1,501222,1
5,4,2,1,1,5,1,1,3,1,0,448908,1
3,2,5,1,1,2,0,1,3,3,0,458693,3
1,4,4,1,3,2,0,1,4,3,0,653882,3
4,3,2,1,4,3,1,2,3,2,1,623603,0
2,4,2,5,3,2,1,2,3,2,1,1057883,2
4,4,4,2,2,1,0,3,2,1,0,543340,0
2,2,4,1,4,3,1,3,2,2,1,573702,3
2,4,2,1,2,2,1,3,4,3,0,588345,2
4,2,2,3,3,3,1,3,4,2,1,892687,0
5,2,2,4,3,3,1,1,1,3,1,779581,0
2,2,4,1,1,4,0,3,3,1,0,467393,3
2,3,2,1,4,5,1,2,2,3,1,558197,2
4,1,1,1,4,3,1,2,2,2,1,538292,0
2,3,4,1,1,3,1,2,3,2,0,472273,3
2,3,1,1,4,4,0,4,3,2,1,613448,2
4,3,3,2,2,2,1,4,4,2,0,709628,0
4,4,4,1,2,3,0,4,1,1,0,344678,1
1,2,3,2,3,4,0,3,1,3,1,548815,2
5,2,2,1,2,1,1,1,4,2,0,596477,0
5,2,2,4,4,4,1,1,4,3,1,1051214,1
2,1,5,4,1,5,1,3,2,1,0,733990,3
5,1,2,2,3,5,1,3,4,3,1,770010,1
2,2,3,2,1,2,1,4,1,2,0,432326,3
1,2,2,2,3,2,1,2,2,3,1,630643,2
4,4,4,2,3,5,1,2,1,2,1,541564,1
4,3,2,3,1,5,0,4,3,2,0,716687,1
4,2,5,2,2,3,1,4,1,1,0,497993,3
5,3,2,4,2,5,1,1,2,1,0,814583,1
1,1,3,4,2,2,0,4,1,3,0,728247,3
5,2,3,2,2,5,1,2,2,3,1,555078,1
5,3,2,2,1,2,1,2,2,2,0,470172,0
1,2,3,1,4,1,0,3,4,2,0,707270,3
1,2,3,1,3,5,1,1,1,2,1,418108,2
1,4,5,2,1,2,1,3,4,2,0,646044,3
1,4,4,1,2,4,0,1,4,1,0,576263,3
4,3,5,4,2,3,0,3,1,2,0,710752,3
3,3,1,1,1,2,1,1,2,1,0,361621,2
3,3,5,2,3,5,1,4,3,3,1,712369,1
1,2,2,3,1,5,1,2,1,3,1,517056,2
3,2,4,3,1,1,1,4,4,1,0,771337,3
3,1,2,2,4,4,1,1,4,2,1,824245,2
1,2,1,4,1,2,1,1,2,3,0,742676,2
3,3,4,2,4,4,0,3,4,1,0,858446,1
5,2,3,2,3,1,0,1,3,3,0,670260,0
2,4,5,1,1,3,1,4,4,2,0,511352,3
2,4,2,2,1,4,1,1,2,1,0,475243,2
1,3,1,4,2,1,1,1,1,3,0,732459,2
4,3,3,3,1,2,1,3,2,2,0,635333,0
1,4,5,4,2,3,1,1,4,1,0,949390,3
4,1,3,2,2,5,1,3,2,1,0,558194,1
2,3,5,1,2,1,1,2,4,1,0,619974,3
1,1,4,1,3,5,1,3,2,1,1,500847,3
5,3,3,2,4,3,1,1,1,3,1,619683,1
3,2,3,3,2,1,1,2,4,1,0,829204,0
4,4,3,3,1,1,0,1,3,1,0,670166,0
3,4,4,1,1,3,1,3,3,1,0,451310,3
3,1,1,2,2,2,1,4,3,1,0,655291,0
1,2,5,2,2,1,0,2,3,1,0,627439,3
3,4,3,2,1,3,1,4,4,2,0,631254,0
5,2,4,1,2,4,1,4,4,3,1,574286,1
3,4,1,1,4,5,0,2,1,2,1,458009,2
1,3,5,1,4,1,1,4,2,3,1,534007,3
5,2,4,1,3,4,0,4,4,1,0,644992,1
2,2,5,1,2,1,0,4,3,3,0,530526,3
3,2,3,1,3,2,1,4,4,1,0,639723,0
1,3,1,3,3,3,1,2,3,1,0,818104,2
2,2,4,2,3,1,1,1,1,2,1,524590,3
2,3,1,5,2,3,1,4,2,2,0,905638,2
4,2,3,1,3,1,1,2,4,2,1,675002,0
5,3,1,2,4,2,0,2,2,3,0,696779,0
3,4,1,2,3,2,0,2,3,3,0,695548,0
1,4,2,1,4,4,1,2,3,2,1,650657,2
4,2,1,4,4,2,0,3,2,2,0,902016,0
5,4,5,1,2,3,1,1,1,1,0,378183,1
4,3,4,4,3,2,1,1,2,3,1,834744,0
5,3,2,4,2,1,1,4,2,1,0,794681,0
5,4,4,2,4,2,0,2,4,3,0,852564,0
3,2,4,2,1,3,1,3,4,2,0,674733,3
5,1,3,3,3,1,1,2,3,3,1,827055,0
4,4,3,2,2,4,0,4,4,3,0,723770,1
5,2,2,3,1,4,1,1,1,1,0,556357,1
3,4,3,1,3,4,1,4,1,2,1,420239,1
3,4,3,1,3,1,1,4,1,2,1,420894,0
4,1,3,2,2,4,0,4,3,2,0,640465,1
2,4,4,2,1,2,0,4,1,1,0,402922,3
2,2,2,4,2,1,1,4,1,1,0,690084,0
5,3,4,1,3,1,0,4,4,1,0,675783,0
1,3,5,4,3,1,0,4,3,3,0,925373,3
5,4,4,1,4,5,0,1,2,3,1,535156,1
4,1,5,2,3,3,0,1,1,1,0,549962,3
4,2,1,2,3,5,0,2,4,1,0,788551,1
4,3,1,2,1,5,0,2,2,2,0,508463,1
4,3,5,1,1,5,1,3,1,3,1,315125,1
4,3,5,2,4,3,1,3,2,3,1,699305,1
3,1,4,4,4,5,1,1,2,2,1,899653,1
2,2,5,2,4,4,1,1,3,2,1,752798,3
4,2,2,2,2,1,1,3,3,2,0,633068,0
1,4,1,4,2,1,1,1,1,1,0,724787,2
1,2,1,3,4,2,1,3,1,1,0,715673,2
1,2,5,2,2,4,1,2,3,1,0,626155,3
1,4,3,1,3,3,1,1,1,1,0,390570,2
3,1,3,4,4,1,1,1,1,1,0,850690,0
1,4,5,2,4,5,1,3,3,3,1,746200,3
4,3,2,1,2,2,1,4,2,3,0,421769,0
5,4,3,1,1,2,0,4,1,3,0,308921,0
1,2,5,4,4,1,0,2,4,2,0,1069075,3
3,1,2,1,2,4,0,1,3,3,0,514053,2
3,3,2,5,2,2,0,1,1,2,0,820301,0
1,4,4,1,1,1,0,3,1,3,0,275507,3
5,3,2,3,4,4,1,4,3,1,1,887637,1
1,1,3,2,1,1,1,4,4,3,0,678359,3
3,3,3,2,3,1,1,2,4,1,0,753655,0
2,3,5,4,1,4,0,4,3,1,0,806347,3
4,3,5,2,1,4,1,4,4,3,1,652053,1
3,3,2,2,2,4,1,4,1,3,1,452492,2
1,4,1,1,1,1,0,3,4,1,0,522304,2
4,3,4,1,3,2,1,4,1,2,1,429280,0
1,1,1,1,2,3,1,2,2,2,0,441403,2
1,2,2,3,3,3,1,4,4,3,1,918011,2
2,1,2,1,1,1,0,2,2,1,0,391542,2
4,2,1,1,3,1,1,3,3,2,1,587118,0
4,2,4,2,3,2,1,3,4,3,1,760882,0
2,1,1,3,1,4,1,2,1,3,1,547424,2
3,2,5,3,1,1,1,3,4,1,0,758511,3
1,1,3,1,2,5,1,1,3,2,1,510699,2
5,4,5,1,2,4,1,1,3,3,1,511178,1
1,4,3,4,4,1,0,1,1,2,0,827821,3
1,1,2,1,2,5,1,1,4,3,1,586415,2
3,4,4,4,1,2,0,1,2,3,0,710714,3
1,3,1,4,3,5,1,3,3,2,1,957857,2
2,2,4,3,3,1,1,2,3,2,1,799231,3
2,1,1,1,2,3,0,3,1,1,0,346792,2
4,3,5,4,2,1,1,4,4,1,0,977931,0
5,3,5,3,1,3,1,1,2,1,0,638776,1
1,3,1,2,3,2,0,1,4,1,0,757346,2
1,1,4,2,4,2,1,3,4,2,1,850806,3
3,1,1,1,4,4,0,4,2,1,0,554124,2
2,2,2,1,2,4,1,3,1,2,1,354048,2
5,2,5,2,4,3,0,2,3,3,0,751415,1
4,2,2,2,1,3,1,1,1,2,0,407511,0
2,2,5,2,4,2,1,3,1,1,0,611666,3
4,4,5,2,2,5,1,2,4,2,1,702031,1
3,4,3,2,1,3,0,1,2,2,0,481215,3
3,2,2,3,3,3,1,1,3,2,1,801851,2
1,4,2,4,1,5,1,1,4,2,1,903550,2
5,2,3,1,2,4,0,4,3,2,0,528068,1
4,2,4,2,2,4,1,3,4,1,0,691178,1
2,2,2,1,4,3,0,1,2,2,0,532406,2
3,3,1,3,4,4,1,1,3,1,1,896314,2
1,4,3,3,3,4,1,2,3,3,1,809191,2
1,3,2,4,3,4,1,3,1,2,1,795220,2
4,2,4,1,2,2,1,2,4,3,0,589148,0
3,3,2,5,2,1,1,3,4,1,0,1081146,0
5,1,5,1,2,3,0,1,4,2,0,572724,1
3,4,1,3,3,3,1,4,1,3,1,665303,2
4,3,3,1,2,2,1,2,1,1,0,340140,0
4,2,5,4,3,1,1,4,3,3,1,932684,0
3,3,4,2,2,1,1,4,4,2,0,714240,0
4,3,5,3,1,2,0,4,4,2,0,769530,3
3,1,5,4,1,5,1,3,3,2,1,812962,1
2,3,4,1,2,5,0,3,3,1,0,491201,1
3,2,5,1,1,1,0,4,3,3,0,440011,3
3,3,3,4,3,5,1,1,2,1,1,865657,1
4,4,2,2,4,5,0,1,2,3,1,699796,1
4,4,5,1,1,5,0,4,3,1,0,440551,1
1,3,3,2,4,1,1,2,1,2,1,590606,3
1,3,2,2,1,5,0,2,1,3,0,402664,2
2,1,2,1,3,3,0,3,4,3,0,678472,2
1,3,5,1,1,1,0,2,2,3,0,354320,3
3,2,3,1,1,2,0,1,2,1,0,353088,0
4,2,5,2,2,5,1,4,3,2,1,651456,1
1,2,4,4,4,4,1,2,3,3,1,1012976,3
1,1,2,5,4,1,1,4,3,1,0,1098664,2
2,3,5,3,3,2,1,2,3,3,1,832848,3
2,1,2,1,3,3,0,3,3,2,0,590693,2
3,3,3,4,4,2,0,1,1,3,0,811160,0
4,2,1,2,2,5,0,3,1,2,0,460714,1
2,1,5,1,2,4,1,4,3,1,0,494312,3
1,3,5,4,4,5,1,1,1,1,1,851155,3
4,1,2,3,1,2,1,1,3,2,0,690845,0
4,2,3,3,4,1,0,3,3,2,0,869150,0
1,3,4,3,1,4,0,2,2,1,0,625215,3
2,1,3,1,4,4,1,3,1,2,1,472028,2
1,4,5,1,1,2,0,4,1,2,0,301309,3
4,1,4,3,2,5,1,2,2,3,1,687077,1
5,2,3,1,4,2,1,3,1,1,0,493348,0
5,3,1,2,3,4,1,3,2,1,1,631078,1
3,2,2,3,1,2,1,2,4,2,0,786264,0
1,1,3,3,2,4,1,2,1,2,1,604484,2
1,2,3,2,3,5,1,2,3,2,1,697459,2
3,2,1,3,2,1,1,3,2,1,0,671321,0
3,4,5,4,1,1,0,2,3,3,0,838500,3
3,2,2,3,4,2,1,2,3,1,0,884440,0
4,3,3,1,2,4,1,2,1,3,1,372162,1
1,4,4,1,4,1,0,1,2,2,0,531455,3
4,2,3,2,4,4,1,4,4,1,1,824031,1
3,4,2,1,2,5,0,2,3,3,0,536000,1
1,2,3,1,2,2,1,4,3,1,0,512929,3
4,4,1,1,2,4,1,2,4,3,1,602137,1
4,1,3,2,4,2,0,2,2,3,0,699108,0
3,3,3,4,3,4,0,1,1,1,0,789794,1
1,2,4,1,1,4,1,1,3,2,1,459237,3
3,2,1,3,3,5,1,2,1,1,1,678206,2
1,3,1,3,4,2,1,2,2,2,1,806746,2
5,3,3,1,2,3,0,2,4,3,0,572471,1
2,1,4,4,2,4,1,4,1,3,1,731077,3
2,1,3,2,1,4,1,2,2,1,0,470367,2
2,3,3,2,1,1,0,4,1,1,0,403417,3
3,3,2,3,3,2,0,1,1,2,0,633374,0
5,4,2,1,3,3,0,4,3,2,0,556773,0
1,3,4,3,1,5,0,2,1,1,0,524205,3
4,4,5,1,4,3,1,1,3,2,1,646580,1
1,3,2,4,3,5,0,3,2,2,1,852369,2
4,2,5,2,2,3,1,1,2,1,0,548581,3
1,1,1,3,2,3,1,3,3,1,0,777119,2
5,3,2,1,4,2,0,4,4,3,0,723668,0
4,3,2,3,1,1,1,1,1,3,0,526576,0
3,1,4,3,3,3,0,1,2,1,0,712770,3
1,2,5,2,2,4,1,1,2,3,1,574308,3
1,4,2,3,1,4,0,4,4,2,0,787948,2
4,3,2,2,3,4,1,2,2,1,1,638076,1
3,2,4,4,4,1,1,4,3,3,1,1009447,3
3,2,4,2,2,3,1,1,4,1,0,693606,3
5,2,5,4,4,5,1,2,2,3,1,904678,1
3,2,1,4,4,5,1,1,4,1,1,1083025,2
3,2,1,2,4,2,0,1,4,2,0,824388,0
3,1,3,1,3,1,1,3,2,3,1,487034,0
2,3,2,2,4,3,1,1,2,1,0,693278,2
5,2,5,4,3,4,1,4,2,2,1,860920,1
1,4,2,1,3,1,0,4,4,3,0,665193,2
4,4,5,2,4,1,0,4,3,3,0,745011,0
1,2,5,4,4,3,1,2,3,1,0,1002347,3
5,3,5,2,1,2,1,3,1,2,0,421254,0
4,2,2,3,2,2,0,3,2,1,0,683165,0
5,4,4,1,1,2,1,1,3,3,0,441106,0
3,2,2,1,2,4,1,1,1,1,0,351786,2
4,3,5,3,2,4,1,3,1,1,0,586944,1
3,3,3,1,1,3,1,2,2,2,0,358381,1
1,2,1,1,1,2,0,4,1,2,0,311164,2
1,1,5,4,2,3,0,1,3,3,0,861207,3
4,3,3,2,2,2,0,3,1,2,0,478715,0
4,3,4,5,2,1,1,2,1,1,0,813371,0
5,2,5,5,3,5,1,4,3,3,1,1061359,1
5,3,3,1,2,5,0,1,1,2,0,365809,1
3,2,5,1,4,2,1,4,1,1,0,456844,3
4,3,2,3,4,3,1,4,4,1,0,972665,0
1,1,3,2,4,4,0,3,1,3,1,591782,2
5,4,2,1,1,2,0,3,1,3,0,319864,0
5,2,2,3,1,2,1,4,4,2,0,786224,0
1,2,3,1,1,4,0,4,4,2,0,520876,2
5,1,1,4,2,2,1,1,4,2,0,953331,0
3,1,3,1,4,1,1,2,2,2,1,567174,0
4,3,1,1,2,4,1,2,2,3,1,455933,1
1,2,5,1,3,1,1,4,3,1,0,594559,3
4,4,5,5,3,5,1,3,1,1,1,883144,1
5,1,3,3,1,4,1,2,3,2,1,677649,1
5,2,5,4,3,4,1,4,2,3,1,866645,1
1,2,4,2,4,3,1,3,1,2,1,608419,3
3,1,2,2,3,3,0,1,1,2,0,522818,2
2,1,2,1,1,4,0,2,4,3,0,546880,2
1,2,1,2,2,5,1,1,2,1,0,561773,2
2,2,5,2,3,2,1,3,1,1,0,547333,3
2,2,1,3,4,3,0,4,4,2,0,955130,2
3,3,2,1,4,5,0,1,1,3,1,476716,1
2,3,2,4,4,5,1,4,2,1,1,927745,2
2,1,5,1,2,3,0,2,3,1,0,521297,3
3,2,4,5,4,2,1,1,3,3,1,1109062,3
2,4,4,1,1,3,1,2,1,3,0,299492,3
2,3,5,2,1,5,1,2,4,1,0,671543,3
2,3,5,2,4,1,0,2,4,2,0,831325,3
1,2,1,2,3,3,0,2,4,2,0,760188,2
1,3,5,2,4,5,0,2,2,1,0,650841,3
1,3,4,2,1,3,0,3,3,2,0,560567,3
3,3,5,2,1,5,1,1,3,2,1,586806,1
5,4,1,3,1,2,1,4,1,3,0,544572,0
2,1,1,3,3,5,0,4,3,3,1,798921,2
2,1,1,4,3,4,0,3,4,3,1,994349,2
3,3,1,1,3,1,0,4,2,2,0,479655,0
2,4,3,3,1,5,1,4,4,3,1,797674,2
1,1,5,2,2,3,1,4,4,3,0,704879,3
5,2,2,2,4,3,1,1,3,1,0,734946,0
4,1,5,2,4,5,1,4,2,3,1,693127,1
2,2,3,2,1,4,1,1,2,1,0,493502,2
1,3,1,1,3,5,1,4,4,2,1,659493,2
4,3,3,1,2,2,0,4,1,3,0,336657,0
5,2,4,1,2,4,1,1,3,1,0,538757,1
4,2,4,3,3,5,0,3,1,1,0,643266,1
1,1,5,3,4,1,1,4,4,1,0,936240,3
4,2,5,5,4,4,0,2,3,2,1,1111350,1
3,3,2,3,2,5,1,2,1,3,1,612353,1
4,4,2,1,2,1,0,3,1,2,0,378544,0
2,4,4,4,3,5,1,2,1,1,1,766640,1
2,1,1,4,4,2,0,1,3,2,0,1002895,2
3,4,3,2,2,3,1,4,1,2,0,492342,1
1,3,2,2,4,5,1,4,2,1,1,679851,2
2,3,2,5,2,4,0,4,4,3,0,1061920,2
5,2,1,2,3,5,1,4,3,3,1,684392,1
2,2,1,4,4,5,1,2,2,2,1,904917,2
2,2,5,1,2,5,0,2,1,3,0,360643,3
1,1,3,1,2,5,1,2,4,1,0,599227,2
4,2,1,2,2,4,1,1,1,3,1,473251,1
2,2,2,2,2,4,1,2,2,2,1,554238,2
3,2,2,4,3,5,0,2,1,1,0,777723,1
4,3,4,5,4,3,1,4,3,1,0,1124973,1
5,2,1,2,4,5,1,2,2,1,1,678756,1
1,1,5,1,1,4,1,3,3,2,1,438513,3
5,4,3,4,4,2,1,3,4,2,1,1093316,0
4,4,5,3,1,5,0,4,3,3,0,700225,1
4,3,2,1,2,5,0,2,3,2,0,494379,1
4,4,5,2,3,5,1,3,1,1,1,550835,1
5,3,2,3,3,5,1,3,1,2,1,641305,1
4,4,2,3,2,1,1,1,2,2,0,681722,0
5,1,2,2,1,5,0,4,4,3,0,642148,1
4,2,2,2,2,4,1,3,2,1,0,542901,1
3,2,2,5,3,4,0,3,4,3,1,1120888,2
4,1,4,3,3,1,1,4,4,3,1,900099,0
5,1,5,2,4,5,1,2,3,3,1,772476,1
2,3,4,1,1,3,1,4,1,1,0,314253,3
4,3,4,3,4,5,0,1,4,3,1,950708,1
2,3,1,1,3,4,1,1,1,1,1,436885,2
3,1,1,1,3,2,1,1,4,3,1,657621,2
1,4,1,2,4,2,1,3,1,3,1,600001,2
3,3,3,1,4,3,0,2,2,1,0,562571,1
4,2,1,3,3,5,1,1,1,2,1,644220,1
2,3,5,1,4,1,0,4,3,3,0,634694,3
2,2,4,3,4,5,1,1,4,2,1,946221,3
5,2,5,1,1,3,0,3,3,3,0,469849,1
2,4,1,1,3,3,0,1,4,2,0,632371,2
5,2,3,1,2,3,0,2,3,2,0,527784,1
1,2,3,4,1,2,0,1,4,2,0,909070,3
4,4,4,4,2,5,0,2,1,2,0,729150,1
5,3,5,1,4,5,1,2,4,2,1,735375,1
1,1,2,3,4,1,0,4,3,1,0,894220,2
2,1,5,3,2,3,1,2,3,2,0,752836,3
2,1,1,5,4,3,0,3,4,1,0,1197161,2
1,3,2,2,4,4,1,3,4,3,1,831180,2
2,2,3,3,1,4,1,2,2,1,0,605865,2
1,1,4,1,2,2,0,2,2,2,0,428825,3
5,4,4,2,1,5,1,1,1,1,0,417275,1
5,3,3,5,2,1,0,1,1,2,0,811017,0
1,2,1,2,1,1,1,4,1,1,0,410885,2
5,3,3,1,3,3,1,1,1,3,1,425815,1
5,3,1,1,3,1,0,3,1,2,0,436260,0
5,1,2,3,2,3,0,1,4,2,0,820260,0
3,2,3,3,3,5,0,4,2,1,0,756662,1
4,4,1,2,1,1,0,4,4,1,0,641857,0
2,2,2,5,2,3,1,2,2,1,0,927018,2
3,3,3,1,3,5,1,4,2,1,1,499230,1
5,2,4,2,3,5,0,2,3,1,0,694769,1
1,1,3,4,2,3,0,3,3,2,0,890159,3
5,1,5,2,3,3,0,3,2,3,0,625214,1
4,2,3,1,3,2,0,1,4,1,0,662492,0
5,2,5,2,2,5,1,4,2,2,1,553507,1
1,1,2,4,3,3,0,3,1,3,0,793479,2
4,4,3,1,3,5,1,2,4,3,1,652679,1
5,4,2,4,3,1,0,4,4,1,0,1034887,0
4,3,2,3,3,4,0,4,2,2,1,713687,1
2,4,1,1,4,4,1,2,1,2,1,499135,2
2,2,2,3,2,3,1,4,2,2,0,657864,2
5,4,2,2,4,3,1,4,1,2,1,576127,0
4,1,3,2,4,5,1,3,4,2,1,839473,1
1,4,3,3,1,3,1,2,2,3,0,639704,2
5,4,4,5,4,5,0,3,1,3,1,943834,1
2,3,1,1,4,3,1,2,3,3,1,618921,2
2,4,2,2,1,5,1,1,4,2,1,658573,2
5,3,1,2,3,3,0,4,4,3,0,787876,0
4,2,5,2,3,2,1,4,3,3,1,674266,3
2,2,2,2,4,5,0,3,1,1,0,607713,2
4,3,1,1,1,2,0,4,4,3,0,518985,0
2,1,4,3,3,2,1,4,1,1,0,652068,3
2,3,4,2,1,2,1,3,3,2,0,574700,3
3,4,2,1,2,2,1,3,2,2,0,418366,0
2,1,5,4,2,1,0,2,4,2,0,965319,3
1,3,4,4,2,4,1,1,4,2,1,933848,3
5,4,4,2,2,1,1,3,1,3,0,480472,0
5,4,5,1,4,3,0,2,4,1,0,693456,1
4,4,1,3,2,3,1,3,2,2,0,669142,0
2,3,4,1,2,4,1,2,3,2,1,502031,3
1,4,3,1,1,4,1,1,4,1,0,530139,2
4,3,4,3,3,4,0,2,3,1,0,810026,1
3,1,1,1,1,2,0,2,1,1,0,310887,2
4,2,1,1,4,1,1,4,2,1,0,558777,0
4,3,2,1,2,3,1,3,4,1,0,612930,0
2,2,3,1,3,1,1,2,3,3,1,551660,3
3,3,1,1,3,1,0,3,2,1,0,497151,0
4,3,5,5,2,1,1,2,3,3,0,994613,3
1,1,3,1,2,4,1,4,1,1,0,359066,2
1,3,3,1,4,4,0,4,2,1,0,543208,2
5,3,5,1,4,3,1,1,2,2,1,573484,1
3,2,4,4,2,3,1,2,1,2,0,735777,3
3,1,5,2,2,3,0,4,1,2,0,469960,3
5,1,5,2,2,1,0,3,4,2,0,720702,0
4,2,4,4,2,4,1,2,1,2,1,712842,1
3,4,4,2,3,2,1,2,1,2,1,521727,3
1,2,4,2,4,1,1,1,3,1,0,776689,3
1,3,4,1,2,5,0,3,2,1,0,442389,3
2,2,4,2,2,1,0,1,3,2,0,636804,3
3,2,5,2,3,4,1,2,1,2,1,523021,3
4,4,2,3,1,5,1,1,4,2,1,794001,1
5,3,2,1,2,1,0,2,3,1,0,509092,0
5,1,1,2,3,4,1,2,3,2,1,698915,1
4,2,2,1,3,4,0,1,2,2,1,515368,1
2,1,2,1,1,2,0,1,2,1,0,360501,2
5,2,5,2,4,1,0,2,2,1,0,691190,0
3,3,4,4,4,4,0,1,4,3,1,1065739,1
2,1,4,2,4,3,1,1,4,2,1,853653,3
3,2,5,3,2,4,1,2,1,1,0,577476,3
1,2,2,1,4,2,1,3,1,3,1,457931,2
2,4,5,1,2,4,1,1,2,1,0,423699,3
5,4,1,1,2,1,1,1,3,3,0,492804,0
2,1,4,2,3,1,1,4,2,3,1,638904,3
2,3,3,1,4,5,1,3,1,2,1,499993,2
2,2,1,1,4,1,1,1,3,2,1,648343,2
2,2,1,3,4,5,1,2,1,3,1,701775,2
3,3,5,1,2,3,1,4,4,2,0,613449,3
1,4,2,2,2,2,0,4,2,1,0,577686,2
4,4,4,2,4,3,1,4,2,1,0,695874,1
2,3,3,2,2,5,1,1,3,3,1,641586,2
5,2,1,2,2,4,1,2,2,3,1,530607,1
2,3,3,2,1,4,0,4,1,1,0,421629,2
5,2,2,1,1,3,1,3,1,1,0,307386,0
3,3,2,3,4,4,1,4,4,3,1,944089,2
5,2,3,4,4,5,0,4,1,1,0,858336,1
4,3,4,1,1,2,1,3,3,1,0,459708,0
1,2,2,1,2,1,0,4,1,3,0,367025,2
5,1,3,4,2,5,0,4,4,2,0,978699,1
5,4,1,2,3,5,1,3,4,1,1,798562,1
1,1,3,2,4,1,1,1,2,2,1,660223,3
4,3,3,2,4,1,1,3,3,2,1,779353,0
2,2,5,1,4,2,1,1,1,1,0,472943,3
5,1,2,2,3,2,0,1,4,2,0,771515,0
1,1,4,2,3,2,0,1,1,3,0,539619,3
3,1,4,1,2,4,0,3,4,1,0,604132,1
1,4,5,2,1,5,0,3,2,1,0,470751,3
3,2,4,3,1,1,1,1,4,2,0,796005,3
4,4,3,2,1,5,1,3,2,1,0,517476,1
2,3,5,1,2,5,0,1,3,1,0,530313,3
1,2,1,2,1,2,0,3,1,2,0,395344,2
5,3,2,3,3,2,1,2,1,2,1,663973,0
4,3,2,3,3,5,0,3,2,1,0,719512,1
1,3,2,3,4,2,1,3,3,1,0,886655,2
5,2,3,1,1,4,1,3,2,3,1,384098,1
1,2,1,3,3,1,0,1,4,3,0,878622,2
3,4,5,3,4,5,0,1,2,1,0,807451,1
1,4,5,1,1,1,1,2,3,1,0,448658,3
1,4,2,2,1,4,0,2,4,3,0,666133,2
1,2,1,2,3,2,0,4,1,2,0,527647,2
4,3,1,3,4,3,0,2,1,1,0,710620,0
1,2,1,1,4,4,1,1,1,3,1,487067,2
5,2,4,2,3,3,1,2,3,3,1,673733,1
3,2,4,4,3,1,0,2,3,1,0,939675,3
3,3,2,3,3,5,1,3,3,1,1,791665,1
1,1,1,4,1,2,1,2,3,3,0,790860,2
4,2,1,5,3,4,1,4,3,1,1,1079996,1
4,4,5,1,3,2,0,3,4,2,0,657618,3
5,2,5,3,2,3,1,1,2,1,0,677916,1
1,1,2,2,3,3,1,4,1,3,1,521681,2
3,1,1,4,3,5,0,1,3,3,1,926520,2
4,4,2,1,1,3,0,4,1,1,0,292131,0
1,3,5,5,4,5,0,3,3,3,1,1112878,3
4,2,5,3,1,4,0,4,1,2,0,521424,1
4,4,4,3,2,5,0,4,2,1,0,688554,1
3,4,2,1,3,3,1,2,1,1,0,416796,2
2,2,2,1,3,1,1,1,1,3,1,399345,2
5,3,1,3,3,5,0,3,3,2,1,817486,1
5,3,1,1,3,2,1,4,4,1,0,652584,0
3,3,4,4,3,1,1,1,4,3,1,1016986,3
4,1,3,1,3,5,1,1,1,1,1,401598,1
1,4,3,3,2,2,1,2,4,2,0,818325,3
4,3,3,2,3,1,0,1,2,3,0,608445,0
3,2,2,3,3,5,1,3,2,1,1,747146,1
5,2,2,3,3,4,1,2,4,3,1,913813,1
4,1,5,2,2,2,1,4,4,3,0,693730,3
5,1,2,1,3,4,1,3,2,2,1,481684,1
1,3,2,1,2,3,0,3,4,2,0,608890,2
5,1,2,2,1,5,0,3,4,1,0,664563,1
5,2,4,2,3,5,1,2,3,3,1,680041,1
2,3,2,3,4,2,1,1,3,3,1,858187,2
2,1,1,2,2,5,1,3,4,3,1,727608,2
2,4,1,2,1,3,0,1,4,1,0,662624,2
5,2,5,2,2,5,1,1,3,2,1,620919,1
3,2,4,1,2,1,1,3,3,2,0,493726,3
5,2,1,2,1,4,1,1,4,3,1,661716,1
3,2,4,5,3,3,0,2,3,1,0,1063027,3
3,1,4,4,3,3,0,2,2,3,0,831843,3
2,3,5,2,2,4,1,4,1,2,1,463754,3
4,4,4,2,1,4,1,1,2,3,1,498853,1
1,2,2,4,3,3,1,1,3,3,1,912280,2
2,3,4,2,2,4,1,4,2,3,1,555531,3
2,3,5,1,4,2,1,2,1,2,1,479788,3
4,4,5,1,1,4,0,4,3,1,0,437796,1
1,2,5,2,4,1,0,4,2,3,0,654567,3
5,2,1,5,4,1,0,4,2,2,0,1040211,0
5,2,2,3,2,2,0,1,1,3,0,579300,0
2,3,1,1,1,4,1,1,3,1,0,462150,2
1,4,3,1,3,1,1,1,4,3,1,631255,3
2,1,2,3,3,5,0,1,3,1,0,821828,2
3,2,4,4,2,4,1,3,1,2,1,696462,1
2,4,5,3,3,2,1,4,1,1,0,673200,3
2,4,3,3,3,4,1,4,1,1,1,648042,2
5,4,2,1,4,3,0,1,1,2,0,477560,0
5,3,1,4,4,3,1,2,4,1,0,1069032,0
5,2,5,3,1,1,0,3,3,1,0,717710,0
3,3,1,1,4,3,1,3,3,2,1,622150,2
5,3,2,3,3,2,1,2,2,1,0,713371,0
1,1,2,1,1,1,0,1,4,1,0,529813,2
4,3,3,1,1,2,1,3,4,3,0,517620,0
1,3,4,1,2,2,1,3,2,1,0,412932,3
1,1,1,1,4,3,1,4,2,1,0,551470,2
5,3,3,2,1,3,1,4,3,1,0,559778,0
4,3,5,2,3,2,0,1,3,2,0,693033,3
4,4,4,2,1,3,0,1,3,1,0,560304,1
4,1,3,2,1,3,1,4,4,2,0,638119,0
3,2,1,1,2,3,0,4,4,2,0,617325,2
5,3,2,1,3,4,1,4,2,1,1,484407,1
4,2,5,3,3,2,0,2,1,1,0,634983,3
3,3,1,2,4,5,0,3,1,1,0,572521,2
2,3,4,1,3,2,1,1,1,1,0,409086,3
2,1,4,4,1,1,0,1,1,1,0,679170,3
3,3,2,3,3,3,1,2,1,1,0,679111,2
3,3,2,4,3,3,1,4,3,1,0,910783,2
5,2,5,2,1,5,1,3,2,2,1,512666,1
5,4,5,1,2,1,1,4,1,3,0,346798,0
2,4,2,3,4,4,0,1,1,2,1,698555,2
4,3,2,1,4,2,1,2,1,1,0,460767,0
2,3,4,2,2,4,1,3,3,3,1,611103,3
4,2,2,1,1,1,1,3,1,3,0,275309,0
4,4,3,4,4,5,1,3,2,1,1,923939,1
5,3,1,1,2,1,1,3,3,1,0,498634,0
1,3,2,4,2,5,1,2,3,2,1,889176,2
1,4,5,4,2,4,1,1,4,3,1,942135,3
3,2,3,2,4,4,0,3,4,3,1,842044,1
5,4,5,3,4,1,0,3,3,1,0,870945,0
4,1,3,3,4,1,1,1,1,1,0,736478,0
1,2,2,4,4,3,0,4,1,3,0,849404,2
4,2,1,2,3,5,0,3,1,3,1,512589,1
1,4,5,3,2,3,0,3,1,1,0,580031,3
1,4,3,2,3,2,1,4,4,1,0,759695,3
1,3,4,4,2,2,0,1,2,1,0,785527,3
5,3,2,2,4,1,1,1,3,2,1,735722,0
2,3,1,2,4,4,0,3,1,2,1,616170,2
4,4,2,3,3,2,1,1,4,1,0,919874,0
5,2,4,4,1,2,1,4,2,2,0,710841,0
5,2,1,2,4,3,1,2,3,3,1,748731,0
5,1,4,1,1,3,0,4,3,3,0,430645,1
5,3,2,2,2,2,1,4,3,1,0,642116,0
5,3,3,5,3,1,1,2,1,3,1,910983,0
3,2,2,3,1,3,1,4,3,3,0,699402,2
4,1,2,4,1,2,1,3,1,3,0,679158,0
5,4,2,1,4,4,1,3,2,3,1,561749,1
4,1,5,2,1,3,1,1,4,3,0,666469,3
3,3,4,3,1,2,1,1,4,2,0,763908,3
3,4,4,4,2,5,1,4,4,2,1,972231,1
4,2,4,1,3,3,1,3,3,1,0,595221,1
1,2,5,4,4,5,1,3,4,3,1,1062715,3
2,3,3,2,4,3,1,2,2,2,1,688398,2
1,4,2,1,1,3,0,1,1,2,0,318670,2
1,3,3,2,2,5,1,3,4,2,1,725324,2
1,4,5,1,1,1,1,4,1,3,0,289338,3
5,1,4,2,1,2,1,3,1,2,0,397387,0
3,3,2,1,4,1,0,1,4,1,0,713172,0
1,3,1,1,1,1,1,4,4,1,0,536175,2
3,4,1,4,1,2,1,1,4,3,0,900795,0
4,1,3,1,2,4,0,3,3,1,0,532626,1
2,4,4,1,4,1,1,3,4,2,1,736398,3
4,3,1,2,3,1,0,3,3,3,0,707429,0
4,2,3,2,2,1,1,1,2,1,0,533801,0
5,1,5,3,2,4,1,4,1,3,1,577413,1
2,4,3,2,2,3,0,3,2,2,0,574839,2
4,1,3,3,4,5,0,3,4,1,0,947665,1
4,2,3,3,1,5,1,3,1,2,1,520856,1
2,2,2,1,3,4,0,2,4,1,0,661100,2
2,4,3,1,4,1,1,2,4,3,1,733855,0
4,3,3,2,1,5,1,4,1,1,0,398187,1
2,3,2,2,2,4,1,1,2,1,0,555784,2
4,2,2,3,4,2,0,3,4,1,0,979454,0
4,3,5,2,1,5,1,3,1,3,1,403805,1
5,3,4,2,3,2,1,1,2,1,0,631715,0
1,4,1,1,3,1,0,1,3,2,0,592186,2
4,4,1,1,1,5,0,4,2,3,0,357575,1
3,1,3,2,4,4,0,1,2,3,1,692193,1
1,3,5,2,2,3,1,3,1,2,0,488746,3
1,1,3,2,1,5,0,4,2,3,0,517204,2
1,3,1,1,2,5,0,2,3,1,0,518093,2
5,2,2,3,3,5,1,4,3,3,1,799089,1
4,2,4,4,1,5,1,4,4,2,1,899454,1
5,2,5,1,3,4,1,4,3,3,1,572474,1
4,3,2,2,2,4,1,1,4,2,1,698154,1
5,2,4,5,2,3,0,3,3,3,0,1010951,1
5,3,5,2,1,4,1,1,2,2,1,492064,1
3,2,5,2,1,4,0,3,4,3,0,657886,3
5,1,1,1,1,1,1,1,3,1,0,459398,0
2,3,2,3,3,1,1,4,2,2,1,746130,0
3,2,5,1,2,2,0,3,2,2,0,453869,3
5,2,5,5,2,3,1,1,4,3,0,1059646,1
1,3,4,3,3,1,1,4,1,3,1,655391,3
2,2,1,3,1,3,0,2,2,3,0,618822,2
2,1,3,3,4,3,1,1,2,1,0,818523,3
2,2,1,2,1,5,1,1,1,3,1,427872,2
3,4,3,2,4,3,1,2,4,2,1,831999,0
5,3,2,4,4,5,1,1,3,3,1,979512,1
5,3,2,5,3,2,1,2,3,1,0,1059340,0
1,3,5,2,2,2,0,3,2,3,0,546069,3
1,1,2,4,2,2,0,2,1,3,0,739074,2
2,2,5,2,2,5,1,4,2,2,1,579023,3
1,3,1,2,2,5,0,2,4,3,0,694502,2
3,1,2,2,3,2,1,3,2,1,0,622236,0
5,2,1,1,4,5,0,2,3,3,1,658020,1
2,2,1,1,2,4,0,2,1,3,0,354007,2
1,2,2,1,4,4,0,3,4,2,1,710971,2
3,4,1,2,3,5,1,1,2,3,1,596037,2
3,1,2,2,1,5,1,1,3,2,1,592060,1
1,3,2,2,3,1,0,4,2,2,0,617361,2
5,1,2,5,2,1,1,4,3,3,0,984466,0
1,4,3,2,1,3,0,2,1,2,0,423764,2
2,1,1,2,3,3,1,1,4,2,1,780583,2
1,2,4,1,3,3,0,1,2,3,0,479627,3
3,3,2,1,4,2,1,2,4,3,1,711593,0
1,3,1,3,3,4,1,3,1,1,1,650084,2
5,2,5,2,1,2,1,1,3,1,0,573149,0
4,2,2,3,3,5,0,4,1,2,1,667752,1
1,2,2,1,2,1,1,2,1,2,0,346737,2
5,2,4,2,4,5,1,3,4,3,1,812318,1
5,2,3,1,1,5,1,4,1,1,0,316471,1
3,2,3,1,1,1,0,1,2,1,0,395487,0
5,2,2,1,3,5,0,3,3,3,1,575314,1
5,2,1,1,2,3,1,4,1,3,0,365287,0
5,3,5,2,4,1,0,2,2,3,0,680451,0
5,4,5,1,1,5,0,3,3,3,0,435427,1
2,3,1,5,4,3,0,3,4,1,0,1207371,2
2,1,2,2,3,3,1,2,3,3,1,694630,2
3,1,5,1,2,4,0,1,4,3,0,603667,3
1,4,3,1,3,3,1,1,3,1,0,576678,2
5,2,1,2,4,2,1,3,1,3,1,595099,0
1,1,4,1,3,1,0,3,4,1,0,661634,3
1,3,2,4,4,1,1,3,4,1,0,1066846,2
3,3,1,5,1,1,0,4,4,3,0,1007885,0
5,3,5,1,1,5,1,3,1,3,1,282068,1
5,2,2,2,3,5,1,1,1,2,1,527099,1
4,1,3,1,1,2,1,2,3,2,0,468098,0
1,4,2,3,4,3,0,2,3,1,0,877873,2
1,2,2,2,1,5,1,2,1,1,0,413558,2
2,3,3,1,2,3,1,3,1,2,0,360518,2
4,3,3,1,2,3,1,3,4,1,0,579180,0
2,3,2,3,3,5,1,2,3,2,1,806595,2
2,2,3,2,3,5,0,4,3,3,1,693740,2
2,2,1,1,3,2,1,4,4,3,1,657722,2
3,3,3,3,3,4,0,4,4,3,1,919905,1
3,4,3,2,4,1,0,4,4,1,0,858241,0
2,4,2,4,4,5,1,1,2,3,1,893750,2
4,1,1,1,2,5,1,2,2,1,0,421881,1
1,1,4,3,4,3,1,1,1,3,1,709606,3
4,4,4,3,1,4,0,3,3,1,0,686819,1
5,3,5,1,2,5,0,4,4,1,0,596477,1
3,4,3,3,3,4,1,4,4,2,1,898755,1
1,2,3,2,3,1,1,2,3,2,1,695811,3
1,3,1,4,4,3,0,4,2,2,0,927697,2
5,3,4,1,2,2,1,2,3,1,0,537564,0
5,3,5,3,4,1,0,3,1,2,0,708344,0
2,2,1,2,4,4,1,4,2,2,1,670656,2
3,1,3,5,4,4,1,4,3,2,1,1116382,1
3,3,4,2,2,1,1,1,3,1,0,641031,3
4,2,5,5,3,4,0,2,1,1,0,875813,1
2,2,2,4,1,2,1,2,3,2,0,791724,2
2,4,4,1,3,2,1,4,2,2,1,471494,3
2,2,5,4,2,4,1,1,4,1,0,948363,3
2,4,1,5,3,4,1,4,4,1,1,1131812,2
3,1,2,1,3,2,0,2,4,2,0,650437,0
3,3,5,2,1,4,1,2,2,2,1,511205,3
2,4,5,2,3,5,0,4,3,2,1,700524,3
4,1,3,1,3,3,1,3,3,1,0,557160,1
1,1,4,1,3,5,0,4,3,2,1,591343,3
1,2,3,1,4,4,1,1,3,1,1,633593,2
4,1,2,1,2,4,0,2,4,3,0,570284,1
2,3,5,2,2,3,0,2,2,2,0,578083,3
3,4,3,1,1,4,0,4,1,3,0,307851,1
1,2,4,4,4,3,1,3,2,1,0,910378,3
5,2,2,3,4,2,1,2,3,3,1,858491,0
5,2,1,1,3,3,1,4,3,2,1,550900,0
4,3,3,3,2,3,0,3,2,3,0,651459,1
2,1,2,3,1,5,1,4,2,3,1,603680,2
1,3,1,5,4,4,1,4,4,3,1,1189305,2
2,3,3,1,3,2,0,4,3,1,0,585301,3
1,3,2,1,1,1,1,2,2,2,0,382692,2
4,2,2,4,4,3,1,3,3,1,0,1009347,0
4,3,3,4,1,1,0,1,2,3,0,727189,0
5,1,2,3,4,4,0,1,3,3,1,857595,1
2,1,5,3,1,3,1,2,2,1,0,608612,3
5,4,3,1,4,1,0,2,3,1,0,611921,0
2,3,2,2,4,5,1,4,1,3,1,607740,2
5,1,1,1,1,1,1,4,4,2,0,512387,0
3,2,1,1,4,5,1,3,1,1,1,460730,2
3,2,5,4,4,2,1,4,4,3,1,1064830,3
3,2,3,1,4,4,0,3,4,3,1,724764,1
3,2,2,2,1,1,1,4,2,2,0,474825,0
1,1,2,4,1,3,0,4,1,3,0,635282,2
3,2,1,1,4,4,1,1,4,1,1,703869,2
4,3,5,5,4,1,1,2,3,3,1,1105451,0
4,3,1,5,1,3,1,3,2,3,0,862872,0
1,3,1,2,3,3,1,1,2,3,1,631398,2
3,1,5,1,4,3,1,4,3,3,1,627905,3
3,4,3,2,3,3,0,1,3,2,0,704119,1
3,4,2,2,1,1,1,3,4,1,0,632698,0
5,4,3,2,4,2,0,2,3,3,0,749996,0
2,4,4,1,3,5,1,1,2,1,1,486892,1
5,4,4,5,1,5,0,3,3,2,0,958068,1
2,3,4,1,3,5,1,4,1,1,1,428078,1
3,2,5,3,2,2,0,1,2,2,0,656190,3
3,3,1,1,1,3,1,2,3,1,0,443166,2
5,3,3,2,2,3,1,3,2,1,0,559689,1
5,3,2,4,1,4,1,2,4,3,1,905590,1
2,3,4,1,1,5,0,4,1,1,0,301604,1
4,1,3,1,4,5,1,2,4,3,1,739215,1
2,2,4,3,2,3,0,4,1,3,0,573921,3
5,4,4,3,2,5,1,4,3,1,0,758991,1
5,3,2,3,2,3,0,1,2,3,0,667243,0
1,3,5,2,1,3,1,4,3,1,0,593787,3
5,2,1,1,2,3,0,2,4,3,0,604315,0
1,2,5,5,2,1,1,1,2,3,0,922035,3
4,4,3,4,4,1,1,4,3,2,1,1004844,0
2,3,5,2,3,1,0,3,3,2,0,716730,3
2,3,3,4,3,1,1,3,2,1,0,846820,3
1,2,3,2,2,2,1,4,2,3,0,552469,3
2,3,1,2,2,4,0,1,4,2,0,736676,2
5,2,2,1,2,4,1,1,1,2,1,366425,1
3,3,1,2,2,3,1,1,1,2,0,499914,2
1,2,5,2,3,5,0,2,2,3,1,590735,3
2,2,3,1,4,1,1,3,1,1,0,457214,3
1,3,4,2,1,4,0,4,4,3,0,653968,3
1,4,4,3,2,4,0,4,1,3,0,614624,3
3,1,3,3,2,1,1,3,2,2,0,686862,0
5,4,1,3,3,2,1,2,4,3,1,874728,0
1,2,2,4,2,2,1,1,2,3,0,806497,2
2,2,1,1,4,4,1,3,4,2,1,697241,2
4,1,3,2,4,2,1,4,4,2,1,827460,0
1,2,3,3,2,1,1,2,2,3,0,660472,3
1,3,2,2,3,4,0,4,3,2,1,704598,2
3,1,5,2,2,1,1,1,2,1,0,572858,3
5,2,5,1,2,2,1,3,4,1,0,587057,0
4,4,2,4,3,1,0,1,2,1,0,879700,0
2,1,5,2,4,2,1,2,2,1,0,664432,3
4,3,4,4,1,2,0,3,4,1,0,903663,0
2,2,5,2,2,1,1,1,1,2,0,468953,3
5,3,5,3,4,2,1,1,4,2,1,947297,0
2,2,5,4,2,3,1,1,2,1,0,810041,3
3,1,4,3,1,1,0,2,4,1,0,756696,3
3,1,5,2,3,3,1,1,4,1,0,779347,3
3,1,4,2,4,1,0,4,1,2,0,591249,3
3,1,2,4,1,2,1,3,3,2,0,809657,0
4,3,1,2,2,2,1,3,2,3,0,552960,0
5,4,2,2,1,4,1,1,2,3,1,517810,1
2,4,1,1,4,4,1,2,1,3,1,497668,2
2,3,2,4,3,3,1,4,4,3,1,1035202,2
3,1,1,1,2,2,0,4,3,2,0,507906,0
3,2,1,3,3,4,0,3,2,2,1,750245,2
1,2,3,2,3,2,1,3,3,2,1,672802,3
5,2,1,2,1,1,1,4,3,2,0,585890,0
4,3,1,3,1,4,0,3,4,1,0,795550,1
2,3,3,1,4,3,1,1,4,3,1,725224,2
1,2,5,2,4,4,1,4,4,2,1,828033,3
1,2,5,3,3,2,0,3,2,2,0,745088,3
2,4,3,4,4,5,1,1,3,3,1,1013465,2
4,3,4,1,3,5,1,1,3,2,1,567527,1
1,2,1,4,2,2,0,4,2,1,0,781964,2
1,4,1,3,3,1,0,1,1,2,0,671005,2
5,4,3,4,4,4,1,4,4,3,1,1069698,1
4,2,3,2,4,5,1,1,2,1,1,654406,1
1,2,4,2,3,1,1,4,4,1,0,779002,3
4,3,5,4,1,2,0,4,3,3,0,818682,3
2,4,2,4,3,1,1,4,2,3,1,837591,0
3,4,5,2,3,2,1,4,1,1,0,513119,3
1,1,1,1,1,4,1,1,4,2,1,531873,2
5,2,3,2,2,1,1,4,3,3,0,646279,0
2,3,4,2,1,4,0,3,3,1,0,586596,3
4,3,5,1,4,1,1,1,1,3,1,466949,0
2,1,4,1,1,2,0,4,1,2,0,277651,3
1,4,5,4,4,2,0,1,4,2,0,1076896,3
4,3,1,1,4,1,1,1,3,1,0,641660,0
3,4,2,3,3,2,1,1,1,2,1,671860,0
2,4,4,1,3,3,1,1,2,2,1,480370,3
1,3,4,2,2,3,1,4,1,2,0,494552,3
5,2,2,1,4,4,0,1,2,3,1,565539,1
4,3,4,1,3,3,0,3,3,1,0,556777,1
2,1,4,3,4,3,0,1,4,1,0,930113,3
2,3,5,4,2,5,1,1,3,1,0,850531,3
3,1,5,1,4,5,1,3,3,2,1,619714,1
3,3,2,2,2,5,0,4,3,3,0,613410,1
5,2,1,2,2,5,1,3,3,1,0,619236,1
5,1,4,4,2,2,0,2,4,3,0,954608,0
1,1,1,3,3,4,1,3,1,1,1,638324,2
1,1,2,2,1,4,1,4,4,2,1,641159,2
5,3,2,3,1,3,0,3,4,1,0,784494,0
5,3,5,4,3,4,1,1,4,1,1,1030985,1
4,3,4,1,4,3,1,4,4,2,1,722107,1
3,1,3,2,3,4,1,2,1,2,1,545416,1
1,1,2,4,4,1,1,4,3,1,0,1001835,2
3,1,4,3,2,1,0,1,1,3,0,615600,3
3,1,1,2,3,4,1,2,1,2,1,519453,2
5,4,5,2,1,2,1,4,3,1,0,584833,0
4,2,1,2,4,3,0,4,1,2,0,597921,0
2,2,2,2,3,4,0,1,4,3,1,750933,2
4,1,2,3,3,3,1,3,4,1,0,901008,0
4,2,1,2,4,5,0,3,3,1,0,731050,1
3,3,2,3,2,4,1,2,3,3,1,755392,2
4,3,4,4,2,2,1,1,3,3,0,882177,0
1,2,2,1,2,5,1,1,4,1,0,609884,2
3,1,5,2,2,4,1,3,3,3,1,632851,3
1,2,4,2,4,1,0,3,1,3,0,581106,3
2,2,3,3,1,4,0,2,1,1,0,516878,2
3,2,2,1,3,1,1,3,2,2,1,470792,0
2,4,2,3,3,1,1,2,2,3,1,721367,0
3,3,5,4,2,4,1,4,3,2,1,888731,3
5,3,5,2,4,4,1,2,2,2,1,659547,1
4,2,1,4,1,1,0,2,4,2,0,904153,0
5,2,1,5,1,3,0,2,4,3,0,1018568,0
2,3,1,1,3,5,1,4,1,1,1,432331,2
4,3,5,1,2,2,1,3,1,1,0,354307,3
3,3,1,5,3,4,0,2,2,1,0,954138,2
4,1,1,5,3,5,0,3,2,1,0,997112,1
1,3,3,1,1,5,0,2,4,1,0,517693,2
4,2,1,1,4,3,0,3,1,1,0,461394,0
1,4,2,1,1,5,1,2,2,2,1,373876,2
4,3,5,5,3,4,1,3,4,2,1,1149095,1
1,3,4,1,2,5,1,1,1,2,1,333353,3
2,1,3,2,2,4,1,4,4,3,1,736132,2
5,3,5,4,4,4,1,2,4,3,1,1065205,1
3,1,5,1,4,1,1,4,1,3,1,454628,3
4,2,2,3,4,3,0,2,4,1,0,959990,0
5,1,1,1,3,2,1,1,2,2,1,508095,0
3,3,2,4,3,1,0,1,4,3,0,1017623,0
3,2,1,1,4,2,0,4,2,2,0,577049,0
1,2,1,3,2,4,0,2,3,1,0,751433,2
2,4,5,3,2,1,1,3,3,2,0,779220,3
2,2,1,1,2,5,0,2,3,1,0,500058,2
5,3,3,1,3,5,0,3,4,3,1,656524,1
2,2,3,2,1,2,1,4,3,1,0,562093,3
4,1,3,1,2,4,1,4,3,1,0,506684,1
2,3,5,4,2,2,1,1,4,2,0,958698,3
5,1,2,4,2,3,1,3,1,1,0,738755,0
2,2,4,2,4,5,0,2,4,3,1,828984,1
4,3,1,3,3,1,0,1,2,3,0,724907,0
1,3,4,3,4,1,1,4,4,1,0,942921,3
5,3,2,4,4,1,1,1,1,2,1,830402,0
1,2,2,2,1,5,1,2,3,3,1,596794,2
1,1,5,1,4,4,1,2,4,3,1,693082,3
1,3,3,1,1,5,1,4,3,1,0,437074,2
3,3,3,2,4,5,1,1,2,1,1,679330,1
3,4,2,2,2,1,0,3,1,3,0,467623,0
1,4,5,2,3,5,0,3,3,1,0,713328,3
5,4,5,1,4,1,1,3,3,1,0,610459,0
4,2,1,3,1,4,0,2,3,3,0,672801,1
4,2,3,1,3,3,0,1,3,2,0,578831,1
2,3,2,1,1,1,0,3,4,2,0,526847,0
5,2,4,2,2,2,0,1,1,3,0,450997,0
3,1,3,1,4,3,0,4,1,1,0,472025,1
1,4,1,2,3,4,0,3,3,3,1,702379,2
2,4,5,2,2,3,1,1,1,3,0,456384,3
4,2,2,2,4,1,1,2,3,1,0,743223,0
3,1,3,2,4,4,1,4,2,2,1,698067,1
3,2,4,1,1,2,1,4,2,2,0,361198,3
1,4,1,1,1,1,0,4,2,1,0,384446,2
4,4,1,4,2,1,0,4,1,3,0,723632,0
5,2,3,2,1,4,0,2,3,1,0,559382,1
3,1,4,2,2,4,1,2,4,3,1,714120,1
1,4,1,1,2,3,1,3,4,1,0,605465,2
5,2,2,2,2,2,0,2,2,1,0,556950,0
4,3,1,2,1,3,0,2,2,2,0,514875,0
3,4,4,2,3,3,1,4,1,2,1,539968,3
5,1,5,3,2,1,1,2,4,1,0,812926,0
5,3,5,1,3,4,1,4,1,1,1,405735,1
5,1,3,1,4,1,0,1,2,2,0,544223,0
3,2,4,4,1,2,0,1,3,3,0,830310,3
3,4,1,4,1,3,1,1,3,2,0,827197,2
2,2,1,1,3,2,1,1,3,3,1,565362,2
4,4,5,2,4,4,1,1,2,2,1,696699,1
1,3,5,1,4,4,1,1,1,2,1,489986,3
5,2,2,1,2,5,1,1,3,3,1,513409,1
2,2,5,2,1,2,1,4,4,1,0,632397,3
1,2,2,1,4,1,0,4,4,2,0,704451,2
2,2,1,3,4,2,0,4,2,2,0,775814,2
3,1,2,2,2,3,1,4,4,2,0,712888,2
5,2,2,1,2,4,0,2,4,1,0,577522,1
1,2,3,1,3,4,1,2,2,2,1,492169,2
1,3,5,4,1,2,1,3,1,1,0,650382,3
1,3,2,1,4,2,1,2,3,2,1,625588,2
1,3,1,3,3,2,1,4,2,3,1,755127,2
1,1,4,2,1,3,1,4,4,2,0,645762,3
2,2,2,2,3,3,1,1,3,2,1,685577,2
5,3,5,2,1,1,1,1,3,1,0,570931,0
3,2,3,1,1,2,1,3,3,1,0,439970,0
3,1,1,1,4,1,1,2,2,1,0,569278,0
3,4,3,1,1,5,0,4,3,3,0,450045,1
3,3,4,2,2,3,1,2,1,3,0,497773,3
2,3,2,3,4,4,1,3,4,1,1,945919,2
4,1,2,1,2,5,1,1,2,3,1,454329,1
5,3,5,1,3,4,0,4,2,1,0,497671,1
1,3,2,2,3,5,1,1,3,3,1,680349,2
4,3,1,3,1,1,1,4,4,1,0,799203,0
3,3,4,5,1,1,1,1,3,1,0,916058,3
4,4,3,2,2,3,1,1,3,3,0,654321,1
5,3,4,2,2,4,1,3,2,2,1,533515,1
1,1,2,2,2,5,0,2,1,1,0,453330,2
1,3,3,4,3,2,1,1,4,1,0,1024442,3
5,3,5,4,2,2,0,4,4,2,0,973825,0
5,3,4,2,4,3,1,2,4,1,0,827745,1
3,1,3,1,4,4,1,2,4,1,1,698978,1
1,1,3,1,3,2,1,1,1,3,1,406939,3
4,4,3,2,2,3,1,1,2,2,0,545264,1
2,3,1,3,2,3,1,1,1,1,0,596615,2
2,4,4,2,1,4,0,2,3,1,0,582165,3
5,3,3,1,4,2,0,3,2,2,0,577362,0
3,3,4,3,3,2,1,1,1,2,1,672722,3
2,3,3,4,2,2,1,2,4,3,0,964880,3
1,4,5,1,1,1,1,2,4,3,0,528594,3
5,3,5,3,3,2,0,4,2,3,0,725523,0
4,3,5,2,3,5,0,1,1,1,0,511701,1
5,1,2,4,4,1,0,3,2,2,0,922758,0
4,2,3,4,2,1,0,4,4,3,0,965480,0
5,3,2,2,3,1,1,1,1,2,1,536983,0
5,2,4,3,1,1,0,4,4,1,0,785084,0
5,2,2,4,1,3,1,1,2,1,0,757427,0
4,2,4,2,3,5,0,4,2,2,1,629237,1
4,2,4,2,1,4,0,3,2,2,0,504378,1
5,2,4,3,3,2,1,4,2,3,1,730736,0
2,2,2,1,1,1,0,4,2,2,0,356343,0
3,4,3,2,3,4,0,4,3,3,1,685797,1
3,3,2,4,3,3,0,1,2,2,0,872087,2
3,1,3,3,3,4,0,1,2,2,1,731875,1
4,1,3,2,1,1,1,3,4,2,0,671864,0
4,3,4,1,3,5,0,4,2,1,0,511123,1
2,2,2,2,4,4,1,2,1,1,1,579328,2
3,4,3,1,3,1,1,4,2,1,0,507478,0
3,3,5,1,2,1,1,2,3,3,0,492025,3
5,3,3,3,2,2,0,2,2,3,0,650105,0
4,2,5,1,4,2,1,4,4,1,0,719370,3
3,3,2,2,3,5,0,2,1,1,0,530843,1
2,2,2,2,2,2,1,2,1,2,0,469476,2
2,4,2,5,3,5,1,4,2,2,1,992981,2
3,3,3,2,2,3,0,1,2,3,0,572112,1
4,2,1,1,1,3,1,4,2,3,0,398610,0
2,2,3,1,1,2,1,3,2,2,0,350698,3
5,1,3,2,4,3,1,2,4,3,1,838443,1
2,3,4,2,4,4,0,3,4,1,0,854230,3
1,2,4,2,3,4,1,2,1,2,1,551706,3
1,3,3,2,4,4,1,1,2,2,1,688839,2
4,2,5,1,3,3,0,2,4,3,0,652123,3
3,3,4,2,1,4,1,4,4,2,1,671920,1
4,4,3,2,1,5,0,2,1,2,0,409875,1
4,3,1,1,2,1,0,3,1,1,0,333297,0
4,3,5,1,3,2,1,4,3,2,1,550208,3
4,1,2,1,1,5,1,3,4,2,1,529700,1
5,1,3,1,1,4,1,1,1,2,1,291791,1
5,3,3,3,3,1,1,3,4,2,1,877233,0
2,2,5,1,2,2,0,3,4,1,0,571891,3
1,2,4,1,2,5,0,3,2,2,0,457594,3
4,1,4,1,2,2,1,4,2,1,0,446274,0
2,2,4,5,2,3,0,1,2,1,0,892039,3
1,1,2,4,1,4,1,1,2,1,0,729673,2
3,4,5,1,3,5,1,1,4,3,1,672412,1
5,2,5,2,3,5,0,3,3,3,1,709413,1
1,3,4,1,1,1,0,4,3,2,0,458436,3
3,1,4,2,1,1,1,4,3,1,0,584385,3
1,3,1,1,1,1,1,4,4,3,0,518186,2
5,2,1,3,4,2,1,3,3,2,1,850434,0
5,4,3,2,3,4,1,1,4,3,1,760519,1
2,4,3,4,3,2,1,3,1,1,0,768030,3
4,2,5,1,3,4,0,4,3,2,1,561355,1
1,4,5,4,2,5,0,3,4,1,0,944328,3
1,4,2,3,1,2,1,2,1,1,0,515258,2
3,4,2,1,1,2,0,1,2,3,0,395722,0
5,4,1,2,1,2,0,1,1,2,0,397190,0
1,2,3,1,4,3,1,4,1,2,1,472479,2
5,3,1,1,3,4,1,3,3,2,1,570827,1
1,1,1,1,1,4,0,4,2,3,0,398364,2
2,1,3,2,4,2,1,3,2,2,1,695238,3
4,4,2,2,1,3,1,2,3,3,0,560747,0
1,2,3,4,2,2,0,1,1,2,0,720917,3
5,3,4,1,3,4,1,1,4,3,1,660377,1
2,4,4,5,4,5,0,3,3,2,1,1134956,1
1,4,4,1,1,3,1,1,1,3,0,310481,3
3,4,5,3,3,3,0,3,4,1,0,903148,3
4,2,2,2,4,2,1,4,3,1,0,771784,0
1,1,2,1,3,5,0,2,3,1,0,573557,2
2,2,5,4,3,4,1,3,2,2,1,874335,3
3,1,1,2,2,1,0,2,2,3,0,564405,0
2,1,4,3,3,4,1,4,2,1,1,722479,3
2,2,4,2,4,4,1,4,4,2,1,833927,3
3,3,1,2,3,5,0,4,3,3,1,703292,2
2,3,3,2,4,3,1,3,2,1,0,669491,2
3,2,3,3,3,4,0,2,2,1,0,711093,1
1,3,2,1,1,3,1,2,3,2,0,461008,2
3,2,5,3,2,5,0,1,4,3,0,810104,1
3,1,2,4,1,5,1,3,2,2,1,728123,1
4,3,3,1,2,2,1,1,1,1,0,356936,0
3,3,1,1,4,1,0,1,4,2,0,708060,0
3,3,2,3,2,5,0,3,2,2,0,674288,1
1,1,4,2,3,5,1,1,1,1,1,553314,3
4,4,4,2,3,3,1,1,2,1,0,614411,1
5,3,1,1,1,5,1,1,4,3,1,547684,1
1,3,3,2,2,4,0,4,3,3,0,655091,2
1,3,4,1,4,2,1,3,3,1,0,623336,3
5,4,4,2,4,2,0,4,4,1,0,847924,0
3,3,5,3,3,4,0,1,2,3,1,721626,3
2,3,2,1,4,5,1,1,4,2,1,693501,2
4,4,3,2,3,1,0,4,1,1,0,526850,0
2,3,2,5,3,5,1,1,2,1,1,985712,2
5,2,3,3,3,2,1,3,4,2,1,890678,0
1,3,4,4,1,1,1,2,3,3,0,805905,3
1,2,5,2,1,3,1,4,4,3,0,631591,3
4,2,2,3,3,3,1,2,2,2,1,723522,0
1,3,4,1,3,5,1,2,4,1,1,646153,3
1,4,3,1,3,5,1,2,3,2,1,586840,2
4,4,2,1,4,1,1,4,1,1,0,453572,0
4,2,2,2,3,1,0,1,4,3,0,788746,0
5,3,4,4,3,5,0,3,4,1,0,1023061,1
1,2,2,2,2,2,0,1,1,1,0,475497,2
1,4,5,3,2,3,1,3,4,1,0,832242,3
5,4,5,3,2,1,1,1,3,1,0,731338,0
3,3,4,2,2,2,0,2,1,1,0,466151,3
3,4,3,2,3,5,0,2,3,3,1,696990,1
3,3,4,2,2,4,1,3,3,2,1,625380,1
5,3,5,2,4,1,1,4,3,3,1,761035,0
1,1,1,1,4,4,1,1,2,1,1,575813,2
5,2,1,5,2,2,0,2,1,2,0,836117,0
5,3,2,1,1,3,0,3,2,1,0,352498,0
3,3,2,1,4,2,0,1,2,3,0,577881,0
2,2,1,4,4,3,0,3,4,3,0,1075483,2
1,4,5,2,2,2,0,4,1,1,0,455728,3
3,1,2,3,2,1,1,4,4,1,0,828877,0
2,3,4,2,3,1,0,1,2,2,0,616703,3
2,3,4,2,4,4,0,4,4,2,1,813088,3
4,3,5,1,2,2,0,1,3,1,0,529049,3
1,3,2,2,2,2,1,1,2,2,0,553179,2
2,2,4,2,3,4,1,4,3,1,1,717954,3
3,1,2,3,4,5,1,3,1,1,1,712011,1
4,3,2,2,2,2,0,3,4,1,0,702839,0
1,3,4,4,3,2,0,1,2,3,0,853625,3
5,1,1,1,2,2,0,2,1,1,0,348481,0
3,3,4,2,1,5,0,1,3,1,0,581753,1
2,2,5,2,1,1,1,3,4,1,0,649558,3
2,3,3,4,2,4,1,1,4,2,1,946771,2
3,4,4,1,4,5,1,3,2,1,1,561104,1
2,1,2,2,1,3,1,4,4,3,0,663066,2
4,1,2,4,3,3,1,1,4,3,1,1034420,0
1,3,4,1,2,5,0,1,3,1,0,494061,3
4,3,3,4,3,5,1,4,3,1,1,943241,1
2,3,4,1,1,1,0,4,3,1,0,446161,3
5,4,3,3,4,3,1,2,1,3,1,695057,1
1,4,3,4,3,4,0,4,1,2,1,795847,2
1,4,5,3,1,2,0,2,4,2,0,794173,3
3,3,2,2,1,2,1,4,1,1,0,438936,0
3,2,2,1,1,1,1,3,2,2,0,355289,0
5,2,3,4,3,1,0,1,3,3,0,951408,0
1,1,2,2,1,3,0,4,1,1,0,392221,2
5,3,1,1,2,4,0,3,4,2,0,612942,1
3,2,3,3,1,4,1,4,3,1,0,691635,1
3,4,2,2,2,5,1,1,1,1,0,469026,1
1,3,1,1,4,1,1,4,3,3,1,617075,2
4,3,5,1,2,2,0,4,1,3,0,352378,3
2,2,2,1,4,2,1,1,4,2,1,725084,2
3,1,1,2,4,3,0,4,1,3,0,583681,2
3,1,4,3,2,2,0,1,1,1,0,617721,3
4,2,4,2,4,4,0,2,1,3,1,601584,1
4,1,1,4,2,4,1,4,3,2,1,881245,1
5,3,3,4,3,1,0,3,1,2,0,754983,0
5,4,3,3,4,3,0,4,1,2,0,722249,1
2,4,2,1,2,2,1,1,1,3,0,361391,2
2,3,4,3,4,1,0,1,3,3,0,880897,3
1,2,3,2,1,5,1,3,4,3,1,670602,2
5,4,3,2,2,5,1,3,4,3,1,710002,1
3,4,4,3,1,2,1,1,4,3,0,760498,3
5,1,5,2,4,2,0,2,1,2,0,619411,0
3,3,3,4,4,2,0,2,3,2,0,973206,0
4,2,1,1,3,4,1,1,4,3,1,678588,1
5,4,2,3,2,2,1,2,4,1,0,852472,0
4,4,3,1,1,5,0,3,4,2,0,522930,1
2,1,3,4,3,2,0,2,2,1,0,840320,3
2,4,5,1,4,3,0,3,3,1,0,638014,3
1,3,1,1,4,5,1,4,2,2,1,567946,2
5,4,2,2,3,3,1,3,1,1,0,541817,0
4,2,3,2,1,5,0,4,4,1,0,668126,1
3,4,2,1,4,1,1,3,1,2,1,476752,0
2,1,4,2,4,5,1,3,3,2,1,734507,1
2,2,3,2,2,5,1,2,1,3,1,473925,2
3,1,3,1,3,3,0,3,1,2,0,426276,1
4,4,4,2,4,3,0,1,4,1,0,833689,1
4,4,5,4,1,5,0,4,3,2,0,835670,1
5,4,3,3,2,5,1,4,1,3,1,585238,1
5,4,2,3,3,4,1,3,2,2,1,734807,1
1,1,1,3,1,1,1,1,4,1,0,789522,2
2,2,2,2,4,1,0,3,2,2,0,658921,2
5,1,5,1,3,2,0,3,4,1,0,641204,0
4,2,1,1,3,5,0,2,1,2,1,428284,1
3,2,2,4,1,5,1,3,4,3,1,908567,1
4,2,2,5,3,5,0,3,1,3,1,905697,1
2,2,4,2,1,5,0,2,2,2,0,516653,3
4,1,5,1,4,1,1,2,1,1,0,474893,3
1,1,4,1,2,3,0,1,4,3,0,571530,3
2,1,1,2,1,4,1,2,4,1,0,661241,2
3,4,4,2,2,3,0,4,4,2,0,714297,3
1,3,5,1,3,3,1,4,2,3,1,479302,3
2,4,3,4,1,1,1,1,3,3,0,838906,3
3,2,3,2,4,4,1,3,2,1,1,650715,1
1,2,1,4,1,5,1,1,1,3,1,639533,2
1,3,3,3,1,1,1,2,1,1,0,550295,3
2,2,4,3,1,1,1,3,2,1,0,597223,3
5,2,1,3,2,4,1,1,2,2,1,663421,1
1,2,5,3,2,2,1,1,1,1,0,597696,3
1,1,1,3,3,1,0,4,1,3,0,644066,2
3,2,1,3,3,3,0,1,1,1,0,674047,2
4,2,2,2,3,3,0,3,3,3,0,691576,0
2,3,2,5,3,5,1,1,3,1,1,1046585,2
2,1,1,3,1,1,1,1,2,2,0,592140,2
5,2,3,3,2,5,1,2,2,2,1,692016,1
5,4,2,4,2,1,0,1,3,1,0,886439,0
2,1,5,1,2,4,1,3,4,1,0,611378,3
5,2,4,1,2,1,0,4,3,1,0,497370,0
3,4,2,2,3,2,1,4,2,2,1,619516,0
2,1,1,2,1,3,0,4,3,1,0,562022,2
5,1,3,4,2,4,1,4,4,1,0,948328,1
2,2,4,2,4,3,0,2,2,3,0,652929,3
4,2,2,2,1,5,0,3,1,2,0,433727,1
1,3,3,2,4,4,1,2,2,2,1,653383,2
2,4,3,1,1,2,1,4,3,1,0,479545,3
1,1,3,3,1,3,0,2,3,1,0,697432,3
5,3,1,4,1,1,1,1,4,3,0,881111,0
1,3,5,1,4,1,0,3,3,1,0,658338,3
2,1,3,2,2,1,1,1,4,2,0,729778,3
4,3,4,2,2,4,1,2,2,3,1,561899,1
5,2,2,1,4,2,0,1,3,2,0,633161,0
2,2,4,1,2,2,1,2,2,1,0,418823,3
5,1,1,5,3,2,0,2,1,3,0,897432,0
3,2,1,2,2,3,1,3,1,2,0,483089,2
1,2,4,1,3,4,1,3,4,2,1,651053,3
3,4,5,1,3,1,1,3,3,2,1,567447,3
2,1,1,3,3,3,0,4,2,1,0,734305,2
4,2,1,3,4,2,0,3,2,1,0,773111,0
5,2,4,3,2,1,0,1,3,1,0,757493,0
1,3,1,1,2,4,1,3,2,1,0,420985,2
5,3,5,4,4,5,1,3,3,2,1,973086,1
2,3,5,2,4,2,1,3,3,3,1,776203,3
5,3,5,2,2,2,1,2,1,1,0,494930,0
1,4,2,2,4,2,0,2,3,3,0,753464,2
2,2,5,2,4,2,0,3,2,2,0,691918,3
5,3,5,4,3,1,0,2,3,1,0,946911,0
4,4,2,4,4,4,0,2,1,2,1,816332,1
2,4,3,2,3,3,0,4,1,1,0,549215,2
2,4,1,4,1,1,1,1,4,1,0,912542,2
4,2,5,3,3,4,0,2,2,3,1,750631,1
3,1,1,4,3,3,0,1,3,2,0,913176,2
1,2,4,1,4,2,1,2,2,2,1,532416,3
3,3,1,2,2,4,0,3,2,2,0,570436,2
5,2,2,1,1,2,1,2,3,3,0,438651,0
4,2,1,4,1,4,0,2,1,3,0,640486,1
3,4,1,1,1,5,1,1,2,2,1,368695,2
2,2,1,2,2,2,1,3,4,2,0,691229,2
5,4,3,2,1,2,0,4,2,1,0,471530,0
5,2,3,2,1,2,1,1,1,1,0,435585,0
3,2,4,3,2,1,1,3,4,3,0,852347,3
3,2,2,4,1,3,1,3,4,1,0,905565,2
4,3,1,3,4,2,0,1,4,2,0,931363,0
1,1,1,4,4,2,0,2,4,2,0,1087270,2
3,1,1,1,3,1,1,3,3,1,0,566836,0
3,4,1,2,3,1,1,4,3,1,0,690288,0
2,1,3,2,3,5,0,2,3,3,1,692380,2
5,3,4,1,4,4,0,1,4,1,0,735869,1
1,3,5,2,4,2,0,1,1,3,0,619729,3
2,2,2,3,4,4,0,1,2,1,0,790303,2
4,3,1,2,3,1,0,1,4,1,0,793972,0
4,2,4,3,3,1,0,4,1,1,0,637317,0
3,3,5,2,3,5,0,4,2,1,0,593264,1
3,2,4,1,3,3,0,3,4,2,0,648315,3
4,3,3,1,3,1,1,4,2,2,1,507010,0
3,1,5,2,3,2,0,1,3,2,0,682693,3
1,3,4,1,4,5,0,4,3,1,0,626566,3
3,1,3,1,2,3,0,2,3,3,0,514811,3
5,2,4,2,2,5,1,2,1,1,0,483405,1
3,2,4,2,3,1,1,3,3,2,1,689856,3
2,1,5,2,2,3,1,1,1,3,0,499676,3
1,4,3,3,2,4,0,4,3,3,0,757366,2
2,2,1,3,4,3,1,3,3,2,1,896970,2
2,4,2,2,3,2,1,3,3,1,0,705138,2
5,4,5,3,3,4,0,4,1,3,1,672244,1
1,3,3,3,2,4,1,3,2,3,1,692683,2
1,1,4,3,3,2,1,1,1,2,1,640638,3
1,2,3,2,3,4,1,4,4,3,1,770816,2
1,3,2,1,3,1,1,2,4,3,1,650598,2
1,2,2,3,3,3,1,2,1,3,1,672541,2
5,1,1,2,2,3,0,4,1,1,0,460652,0
3,3,1,4,1,2,1,3,2,1,0,726963,0
2,4,2,4,2,1,0,3,1,2,0,738511,0
1,3,5,2,4,4,1,2,3,1,1,762223,3
3,1,5,1,1,3,0,2,2,3,0,381024,3
3,3,4,1,1,3,1,1,1,1,0,273941,3
2,2,1,2,1,3,0,3,1,3,0,398387,2
5,2,4,2,2,3,0,1,4,3,0,698524,1
4,4,1,1,4,5,0,2,2,1,0,565859,1
4,2,2,2,2,2,0,2,4,1,0,727486,0
3,2,5,1,4,4,1,2,1,1,1,491617,3
2,1,5,5,2,4,0,2,2,1,0,915279,3
4,4,2,1,2,2,1,1,3,2,0,516025,0
3,3,4,4,2,1,0,2,1,1,0,707636,3
5,3,4,4,1,2,0,4,1,2,0,671483,0
4,3,3,2,2,3,0,3,4,3,0,733224,0
3,1,1,3,4,3,0,2,3,2,0,863277,2
3,2,4,2,4,2,1,3,1,3,1,618718,3
1,2,2,3,4,2,1,2,4,2,1,965190,2
5,1,4,2,1,4,0,1,4,2,0,670995,1
1,2,5,2,2,4,1,3,1,3,1,491735,3
2,4,1,2,2,5,0,1,2,2,0,579179,2
1,1,3,2,3,5,0,2,1,3,1,517539,2
1,2,1,2,1,3,1,4,3,1,0,582853,2
4,2,5,1,4,5,0,4,1,3,1,476811,1
3,2,5,2,4,5,1,4,2,2,1,676928,1
5,4,5,1,2,1,1,4,4,1,0,576909,0
1,2,5,1,4,2,1,4,3,2,1,638069,3
5,2,2,1,2,4,1,1,3,1,0,536084,1
1,3,3,1,2,5,0,4,3,3,0,527421,2
2,1,5,1,3,4,0,2,3,1,0,558033,3
1,2,5,4,1,5,0,1,2,1,0,720748,3
4,2,4,1,2,5,0,1,2,1,0,456693,1
3,3,3,3,2,3,1,4,2,2,0,655066,1
2,4,1,1,2,1,1,3,2,1,0,455272,2
1,3,3,4,3,2,1,2,4,3,1,1038664,3
5,2,3,2,2,2,1,1,1,3,0,499408,0
2,4,3,2,1,3,0,2,2,3,0,481998,2
2,1,5,2,1,3,1,3,1,1,0,403764,3
1,1,5,2,4,2,1,1,3,3,1,764215,3
2,2,2,2,1,2,1,2,4,2,0,675379,2
5,2,1,1,4,1,0,4,4,3,0,705858,0
2,3,4,5,1,5,1,1,1,1,0,788468,3
5,3,3,2,4,1,0,1,1,3,0,606111,0
1,4,1,2,2,2,1,1,1,1,0,467077,2
3,3,1,3,3,5,1,1,4,1,1,880257,2
2,3,2,2,3,2,0,4,2,3,0,637210,2
3,1,4,4,3,1,1,3,4,2,1,1034560,3
5,1,3,2,2,1,1,3,2,2,0,575180,0
2,3,4,3,3,1,0,2,3,3,0,793665,3
4,2,2,1,1,5,1,4,2,1,0,385442,1
3,4,5,4,4,4,1,4,1,3,1,853358,3
2,1,1,3,2,4,1,2,2,1,0,666734,2
3,1,3,1,3,2,1,4,2,1,0,478840,0
2,2,5,1,1,5,1,4,4,1,0,522062,3
1,2,2,2,1,3,1,1,1,2,0,397044,2
3,1,4,5,2,4,0,1,3,2,0,972063,3
4,3,1,1,2,5,0,1,2,3,0,432313,1
4,1,3,2,3,5,1,4,3,2,1,697087,1
5,3,5,1,4,4,1,4,1,1,1,495779,1
2,2,5,2,3,5,1,3,2,1,1,630181,3
3,1,1,2,3,5,1,1,4,3,1,768205,2
5,2,4,5,2,4,1,2,3,1,0,982464,1
3,4,2,2,3,1,0,4,4,3,0,793550,0
2,2,4,4,3,2,1,1,3,3,1,937132,3
4,3,4,2,4,3,0,3,1,1,0,612638,1
1,1,4,1,1,2,1,1,2,2,0,387427,3
4,3,1,2,1,1,1,3,3,1,0,585048,0
5,2,1,2,4,1,1,3,4,1,0,813749,0
1,3,2,5,1,5,0,4,3,3,0,945306,2
5,3,4,4,3,2,1,3,3,2,1,935592,0
2,4,1,1,4,1,1,3,3,3,1,659595,2
1,2,2,1,4,2,1,2,3,1,0,628451,2
5,1,2,1,2,1,0,3,3,3,0,518258,0
2,1,4,4,1,3,1,2,3,3,0,834758,3
4,4,3,4,2,1,1,2,4,1,0,965302,0
2,3,4,3,3,2,1,1,3,3,1,822856,3
3,3,3,2,4,5,1,1,3,1,1,751621,1
2,2,2,2,3,2,0,4,3,3,0,676577,2
2,2,1,2,1,4,0,4,2,2,0,489694,2
3,1,5,1,2,2,1,4,1,1,0,338263,3
5,4,2,2,1,3,0,3,1,2,0,407205,0
5,3,1,1,3,3,1,1,1,3,1,398072,0
2,4,2,1,2,3,0,3,4,2,0,619967,2
3,2,4,4,1,1,1,1,4,2,0,915306,3
3,3,3,3,3,3,0,3,4,2,0,913876,0
4,3,2,2,1,2,1,4,3,3,0,590130,0
5,2,1,2,4,5,0,1,1,1,0,613002,1
1,4,4,2,2,3,0,1,3,3,0,615691,3
5,4,5,3,2,2,0,2,2,3,0,672113,0
5,4,4,3,2,1,0,1,1,3,0,571953,0
4,3,3,3,4,1,1,1,2,1,0,774963,0
1,2,4,3,2,5,0,3,2,3,0,688754,3
4,2,5,1,4,5,1,4,3,3,1,650520,1
1,4,1,2,2,2,1,2,1,1,0,477869,2
2,1,2,2,1,5,1,3,2,1,0,481445,2
1,3,3,2,1,5,1,1,1,1,0,427759,2
4,3,5,3,1,1,1,3,2,2,0,610185,3
5,3,3,2,1,2,1,4,2,1,0,478447,0
1,4,4,1,4,5,1,2,3,2,1,644699,3
1,2,3,2,3,2,0,3,1,2,0,543640,3
3,2,5,5,3,3,1,1,3,3,1,1037954,3
5,1,2,1,1,1,1,3,3,2,0,447945,0
2,2,2,3,3,1,1,1,3,3,1,828294,2
4,2,3,2,3,1,1,2,3,2,1,682920,0
2,2,1,1,2,4,1,2,3,1,0,519984,2
5,4,3,2,4,2,0,3,2,3,0,655560,0
1,4,4,3,1,3,1,2,1,2,0,525389,3
1,1,2,2,3,5,1,4,1,3,1,534265,2
5,2,2,4,3,3,0,3,3,1,0,951853,0
1,4,2,1,1,2,1,1,1,2,0,277715,2
1,1,1,1,2,1,1,3,2,2,0,429068,2
1,1,1,4,1,4,1,1,3,1,0,799438,2
4,1,5,2,2,2,1,2,4,2,0,739898,3
4,3,3,2,3,2,0,1,4,2,0,755243,0
3,1,3,3,4,5,1,1,2,3,1,798629,1
2,4,4,2,2,3,1,1,2,2,0,569594,3
5,2,2,3,2,3,0,1,4,1,0,814085,0
5,3,1,1,1,5,0,4,3,2,0,468885,1
5,2,4,1,3,4,1,1,2,3,1,487390,1
3,2,4,1,4,1,0,3,4,2,0,714513,0
4,3,1,4,1,1,1,4,3,3,0,810694,0
3,3,3,1,1,4,0,1,2,2,0,391850,1
5,3,2,3,4,5,1,1,1,3,1,733451,1
2,3,3,4,3,2,1,1,1,3,1,764884,3
1,4,4,2,4,3,0,4,1,2,0,572876,3
4,4,2,2,1,2,1,1,3,1,0,576207,0
4,3,5,2,1,3,1,1,2,1,0,475556,3
3,1,4,2,2,2,1,1,4,2,0,710491,3
4,1,3,2,4,5,1,2,2,2,1,688009,1
5,2,3,3,4,5,1,3,1,2,1,738674,1
5,3,3,5,4,4,1,1,1,2,1,977682,1
3,2,1,4,1,2,1,3,3,2,0,822225,0
5,2,4,4,3,2,1,2,4,1,0,1028437,0
2,4,2,4,1,4,0,2,3,3,0,795399,2
3,4,3,2,2,4,1,1,4,3,1,731701,1
2,4,3,3,1,5,1,3,2,1,0,603648,2
1,2,1,4,1,5,0,4,3,1,0,820887,2
2,3,2,2,1,2,0,1,3,3,0,592936,2
1,2,4,5,2,5,0,4,3,1,0,1010263,3
1,1,5,2,4,5,0,2,1,2,1,618373,3
2,1,1,3,3,2,0,2,1,1,0,651804,2
3,2,4,3,3,4,0,3,4,1,0,900919,1
5,2,5,5,2,2,1,4,2,1,0,936972,0
5,4,3,1,4,1,0,4,3,1,0,638147,0
1,1,3,3,4,2,0,1,1,3,0,709295,3
1,3,2,2,2,1,0,3,3,3,0,616897,2
3,3,5,1,1,2,0,3,4,3,0,521276,3
4,2,3,3,4,1,0,4,4,3,0,968253,0
2,2,3,2,3,1,1,2,2,2,1,595838,3
1,2,2,3,2,2,1,3,4,2,0,827157,2
5,3,4,2,3,5,1,2,3,3,1,672144,1
3,2,3,2,1,3,1,1,2,3,0,484406,3
2,1,1,3,2,5,0,3,2,3,0,691952,2
3,1,1,2,3,1,0,3,1,1,0,536414,0
2,3,4,1,3,2,0,1,3,2,0,588748,3
2,4,5,5,1,2,1,3,4,2,0,1037460,3
1,2,2,2,2,2,0,4,1,1,0,479483,2
3,3,1,3,4,2,1,4,3,1,0,897647,0
3,3,1,2,4,3,0,1,3,1,0,741513,2
5,4,4,2,3,4,0,2,2,2,1,634802,1
5,4,5,2,1,1,1,2,2,1,0,496451,0
1,3,5,2,3,3,1,3,3,1,0,710909,3
1,3,4,2,1,5,1,2,1,1,0,438091,3
4,4,1,2,4,4,1,2,2,3,1,690963,1
5,2,2,2,3,4,1,1,2,1,1,612672,1
2,2,1,1,3,2,1,2,3,3,1,591124,2
3,1,5,2,1,3,1,2,3,2,0,562631,3
1,4,1,1,2,5,0,2,2,2,0,444665,2
3,4,2,1,1,2,1,4,1,2,0,302291,0
3,1,3,4,2,2,1,4,2,3,0,791817,0
4,3,1,3,4,1,0,1,3,1,0,861432,0
5,2,4,3,3,4,1,3,2,2,1,728951,1
1,1,3,2,3,5,1,1,3,1,1,678130,2
3,4,4,4,1,4,1,3,2,3,1,754467,1
1,2,4,3,1,3,0,3,3,2,0,693136,3
2,1,4,3,4,1,1,2,3,1,0,852559,3
4,3,1,2,4,2,1,2,1,1,0,584744,0
2,3,5,5,2,1,1,1,3,2,0,1001155,3
1,1,3,4,4,2,0,1,2,1,0,932298,3
1,3,2,4,4,1,1,1,3,3,1,991021,2
5,3,5,1,4,2,0,4,4,2,0,706996,0
3,1,1,1,4,4,1,4,2,2,1,543187,2
3,1,4,1,2,4,0,4,1,2,0,365902,1
2,3,2,1,4,4,1,4,2,2,1,548006,2
4,2,3,4,2,4,1,4,1,3,1,706375,1
3,4,5,1,1,1,0,2,4,3,0,540158,3
5,4,5,1,3,2,0,3,1,1,0,437678,0
2,4,2,1,1,4,0,4,3,3,0,433069,2
2,2,1,1,4,1,0,1,4,1,0,696486,2
5,4,3,1,3,2,0,3,4,1,0,647639,0
4,2,2,3,4,1,1,4,1,2,1,725428,0
5,2,4,2,4,4,1,4,2,1,1,678800,1
4,1,3,1,1,3,1,2,1,2,0,295618,1
5,1,5,2,4,1,1,2,1,1,0,607220,0
5,3,2,2,1,4,0,2,4,3,0,641869,1
1,2,5,1,4,5,0,4,3,2,1,614176,3
2,2,5,3,2,2,0,2,2,1,0,686454,3
5,3,5,3,3,4,1,4,1,3,1,656480,1
5,2,1,3,1,5,1,3,3,3,1,701500,1
3,3,5,3,1,1,0,3,3,2,0,675237,3
2,2,4,1,3,1,0,4,2,2,0,496453,3
3,4,4,5,1,5,1,1,3,2,1,910790,1
2,4,3,4,3,5,1,4,1,1,1,797595,2
3,2,5,4,2,2,1,3,4,2,0,976954,3
5,2,5,1,4,1,0,3,3,3,0,651184,0
5,2,2,4,2,5,1,4,4,3,1,944754,1
1,4,1,4,4,3,1,4,2,2,1,903067,2
3,2,3,4,3,3,1,4,2,2,1,846609,3
4,2,5,1,2,5,1,3,3,3,1,517981,1
1,1,2,3,4,2,1,1,4,1,0,949563,2
3,2,1,5,3,1,0,4,1,3,0,879003,0
3,2,3,3,4,3,0,3,4,3,0,957068,0
1,4,3,2,1,5,1,4,3,3,1,596996,2
5,2,5,4,1,5,1,3,4,2,1,874223,1
3,2,3,2,3,4,1,4,4,1,1,773904,1
5,4,2,2,4,5,1,3,2,1,1,686834,1
1,4,3,2,1,2,0,4,3,2,0,570746,3
5,2,4,4,2,3,1,2,4,3,0,961404,1
2,2,2,1,4,4,0,4,3,2,1,631407,2
4,2,1,2,4,3,1,3,1,2,1,590693,0
3,4,1,3,1,3,1,4,3,1,0,703014,2
4,1,5,3,1,2,1,1,1,1,0,532121,3
5,4,5,2,3,5,0,4,3,2,1,696403,1
3,3,4,4,4,2,1,4,3,2,1,981637,3
5,3,1,4,2,5,1,4,4,1,0,938612,1
2,1,1,1,1,4,0,1,4,1,0,540410,2
1,2,1,2,4,2,1,1,1,3,1,575160,2
3,2,1,1,1,2,1,1,1,2,0,304139,2
2,1,3,2,3,1,1,2,2,3,1,597728,3
2,3,2,2,4,2,1,1,4,3,1,814238,2
3,4,2,4,4,1,0,2,1,3,0,836764,0
5,3,4,4,3,5,1,4,4,1,1,1008464,1
2,3,3,1,2,5,1,2,3,3,1,521943,2
4,1,1,1,1,5,0,4,2,1,0,380838,1
2,2,1,2,3,1,0,2,4,1,0,755919,2
5,1,5,2,4,5,0,1,4,1,0,847092,1
5,3,5,1,3,3,0,1,4,2,0,637797,1
4,4,4,4,4,2,1,2,4,3,1,1072467,0
2,3,1,4,3,1,1,2,1,1,0,773736,2
5,1,4,2,2,5,1,1,1,2,1,459021,1
3,2,3,4,4,3,0,4,2,2,0,893058,1
1,3,2,2,3,2,1,4,3,2,1,679041,2
1,2,1,3,2,2,1,4,3,1,0,768102,2
1,4,3,2,2,5,1,4,2,1,0,531153,2
2,4,1,1,1,3,1,3,3,1,0,467708,2
4,3,5,4,4,1,1,4,1,2,1,857375,0
5,2,4,2,1,5,1,3,4,1,0,642021,1
3,2,5,3,2,2,0,3,3,3,0,757258,3
3,1,2,2,1,2,1,1,4,1,0,665847,0
2,2,5,1,1,2,1,1,4,1,0,559554,3
1,2,1,1,3,5,1,2,1,3,1,409359,2
2,3,5,2,1,4,1,4,4,1,0,656178,3
4,3,1,3,2,4,0,4,3,1,0,742914,1
4,1,2,2,1,4,1,1,1,1,0,397536,1
5,2,5,3,4,3,1,1,2,1,0,803748,1
5,1,4,3,3,5,1,1,1,2,1,669448,1
4,1,4,3,2,2,0,2,3,1,0,776132,0
4,4,4,2,1,3,1,4,1,3,0,400486,1
4,1,5,4,4,4,1,2,3,3,1,972384,1
2,2,5,2,2,1,1,3,3,2,0,654312,3
4,1,5,2,1,3,0,3,1,1,0,435088,3
3,4,1,1,3,3,0,4,3,3,0,591758,2
1,3,2,2,1,5,1,1,2,2,1,480787,2
4,2,4,1,2,3,0,1,3,1,0,524134,1
1,3,1,3,2,5,1,2,2,2,1,685706,2
2,3,4,1,2,1,1,3,2,1,0,427646,3
1,4,1,2,4,2,1,3,3,2,1,736187,2
2,2,5,3,1,2,1,4,4,2,0,758495,3
3,4,4,2,1,4,0,3,2,3,0,479885,1
2,4,5,1,1,4,1,1,2,3,1,368700,3
2,4,4,1,3,1,1,1,1,2,1,405018,3
5,3,3,3,4,2,1,1,2,1,0,800428,0
4,3,1,1,4,4,1,4,2,1,1,559071,1
4,2,3,2,3,3,1,2,2,1,0,621322,1
3,3,1,2,4,5,0,3,2,1,0,657114,2
3,3,2,3,3,4,1,4,4,1,1,876574,2
4,3,4,3,2,1,1,2,2,3,0,674996,0
5,2,2,4,2,2,1,4,3,2,0,876754,0
4,3,2,1,4,1,1,3,4,3,1,728297,0
5,4,1,1,2,5,0,1,2,1,0,413809,1
3,1,3,1,2,5,1,2,3,2,1,536304,1
1,4,5,1,2,1,1,2,3,1,0,507550,3
3,3,1,1,1,4,0,4,4,1,0,539249,2
3,4,5,2,2,4,1,4,4,2,1,731499,3
2,2,2,2,1,2,0,1,3,1,0,588099,2
2,2,5,3,3,2,1,4,4,3,1,891413,3
2,4,3,2,3,3,0,3,4,3,0,754687,2
2,2,1,3,3,3,1,3,1,3,1,668125,2
5,4,3,2,3,2,0,3,4,1,0,771123,0
4,2,3,1,3,3,1,3,1,3,1,423095,1
1,3,1,2,2,1,1,1,4,1,0,717435,2
3,2,3,1,2,4,0,1,4,1,0,591622,1
5,3,4,1,2,3,1,1,3,3,0,500285,1
1,2,4,2,3,3,0,4,1,3,0,553091,3
5,1,4,4,3,1,1,1,4,1,0,1014927,0
5,2,5,3,1,5,1,2,2,1,0,595291,1
3,1,3,1,4,2,1,2,4,1,0,731193,0
4,4,1,4,2,1,1,2,3,1,0,898308,0
2,4,1,3,4,5,0,4,3,3,1,853122,2
4,2,5,3,3,1,0,4,3,1,0,794876,0
3,3,1,4,3,4,1,1,1,1,1,769112,2
3,2,4,2,3,1,0,3,1,1,0,556474,3
3,3,3,1,4,1,1,2,1,1,0,459124,0
1,4,1,2,1,4,0,4,2,1,0,471823,2
4,4,1,2,3,2,1,2,1,2,1,546841,0
4,2,2,2,1,5,0,1,3,2,0,560387,1
5,3,2,2,1,3,1,4,1,2,0,427163,0
5,2,2,4,2,2,0,3,1,3,0,728819,0
5,4,3,4,4,1,0,3,4,1,0,1084244,0
3,1,4,4,3,3,1,4,1,3,1,768980,3
4,3,4,4,1,4,0,3,4,1,0,894224,1
3,3,4,4,4,2,1,1,1,2,1,817121,3
1,3,3,1,4,5,1,3,4,1,1,692430,2
5,1,3,1,3,2,0,2,3,3,0,557954,0
3,4,2,2,2,2,1,2,1,3,0,461881,0
3,1,1,4,2,3,1,2,3,1,0,866917,2
1,3,5,2,1,4,1,4,1,3,1,407640,3
2,2,5,3,2,4,1,4,2,2,1,662085,3
4,2,1,1,2,2,1,4,2,1,0,436259,0
2,3,2,1,2,4,0,4,3,2,0,513097,2
5,2,1,3,4,3,0,4,3,2,0,852978,0
3,1,1,1,3,3,1,1,2,3,1,474332,2
1,1,5,2,4,5,1,4,2,1,1,670037,3
1,2,2,1,4,4,0,3,4,2,1,725781,2
4,3,3,2,3,5,1,1,1,2,1,525089,1
2,4,5,3,4,1,1,4,2,1,0,793484,3
4,1,3,2,1,3,0,3,3,3,0,564008,1
3,2,2,2,1,2,0,1,3,2,0,568148,0
4,1,1,1,4,3,1,2,2,1,0,533830,0
1,1,4,4,2,1,0,1,3,1,0,852958,3
1,3,4,2,4,2,0,4,1,2,0,595998,3
5,3,2,3,2,4,0,1,4,2,0,811540,1
5,1,4,3,4,4,1,1,1,2,1,720677,1
3,2,3,1,1,3,1,2,4,3,0,539101,3
2,1,4,4,2,2,0,1,4,3,0,971482,3
4,4,2,3,1,2,0,1,2,1,0,633967,0
3,4,2,2,4,5,1,2,3,1,1,737053,1
5,1,3,1,3,1,1,4,4,2,1,635670,0
4,2,4,4,2,4,1,3,2,1,0,813458,1
5,4,4,3,2,3,1,1,3,3,0,777030,1
4,4,1,1,4,2,1,2,3,1,0,658115,0
2,2,5,2,4,4,0,1,4,1,0,820281,3
3,1,2,4,2,3,1,4,3,2,0,868122,2
4,1,1,3,3,4,1,4,1,2,1,632533,1
1,3,2,3,4,3,1,2,3,3,1,860756,2
1,2,1,2,4,4,1,3,1,1,1,595074,2
4,1,5,3,4,5,0,3,3,1,0,868802,1
4,3,1,2,3,1,0,1,4,1,0,787844,0
4,1,2,1,2,4,1,2,4,2,1,597322,1
1,3,4,3,1,1,1,3,2,3,0,639636,3
1,2,2,5,4,4,1,4,1,1,1,947048,2
4,1,3,2,3,2,1,3,1,1,0,559779,0
5,3,3,2,2,5,0,2,4,1,0,699876,1
5,2,3,3,2,5,0,4,4,1,0,847055,1
2,4,3,2,3,1,1,1,4,3,1,796824,3
3,3,5,4,4,2,0,4,1,3,0,825171,3
5,2,4,3,1,3,1,3,2,3,0,632204,1
1,3,4,1,4,5,0,3,1,2,1,455166,3
5,2,2,5,2,2,1,3,4,1,0,1060366,0
2,4,1,3,1,2,1,1,2,1,0,610258,2
2,2,2,4,4,1,1,3,3,1,0,1013734,0
3,3,2,3,1,2,0,2,3,1,0,682983,0
5,1,2,4,3,2,1,1,4,3,1,1015715,0
1,2,2,1,4,3,1,4,2,2,1,561085,2
1,4,4,2,2,1,1,3,4,2,0,735078,3
4,4,1,4,2,1,0,2,1,1,0,717778,0
1,2,2,1,1,2,0,2,1,3,0,281390,2
3,2,4,1,3,3,0,1,2,2,0,490924,3
3,4,2,3,4,4,0,2,4,2,1,975832,2
1,4,3,4,3,5,1,1,4,1,1,1033004,2
1,1,2,1,3,1,1,1,3,2,1,590244,2
4,2,2,4,1,3,0,1,2,1,0,710707,0
1,2,5,3,1,3,0,4,4,3,0,791392,3
4,4,3,2,4,2,0,4,1,1,0,595048,0
4,1,1,4,2,5,1,2,4,2,1,979093,1
1,2,2,2,4,1,1,4,4,1,0,842815,2
2,3,1,1,3,4,1,1,1,1,1,424682,2
2,1,3,1,1,2,1,1,1,1,0,287489,3
4,2,2,2,3,1,1,4,4,1,0,798158,0
1,2,5,2,1,1,0,2,1,1,0,406951,3
2,2,4,4,2,3,0,1,3,1,0,891439,3
1,2,5,3,3,5,1,4,3,2,1,801452,3
1,3,5,2,1,4,1,3,3,1,0,578635,3
1,1,4,3,4,5,0,2,1,2,1,722747,3
5,3,4,1,4,3,0,2,1,1,0,483796,1
1,4,4,1,4,4,0,2,1,3,1,477933,3
5,3,2,4,3,4,1,3,2,1,1,864581,1
4,1,1,1,1,2,1,1,1,2,0,308281,0
2,1,1,1,1,4,1,2,3,2,1,451187,2
2,2,4,3,1,1,0,4,3,3,0,692953,3
2,2,5,2,3,5,0,2,3,1,0,703818,3
2,2,3,4,1,5,0,4,2,3,0,734702,2
2,3,4,1,2,2,1,2,4,1,0,576278,3
2,1,5,1,3,4,1,4,3,1,1,594566,3
2,1,5,2,2,3,1,4,2,2,0,548036,3
4,2,2,2,2,1,0,4,4,3,0,737495,0
1,3,2,2,4,2,1,3,2,3,1,674583,2
3,1,1,2,3,4,1,3,2,2,1,594708,2
5,3,1,4,1,3,1,3,4,2,0,879476,0
3,2,3,4,2,4,1,1,1,3,1,695318,1
3,4,3,1,3,2,1,4,1,2,1,419269,0
1,4,3,2,1,3,1,1,3,1,0,588627,2
1,2,3,2,4,3,0,3,4,3,0,855441,2
1,2,5,4,3,3,0,4,3,3,0,934754,3
2,2,5,5,3,3,0,1,2,2,0,989361,3
4,2,1,1,3,4,1,3,1,1,1,409979,1
2,3,2,3,1,3,1,1,3,3,0,674910,2
4,4,2,2,2,4,0,1,3,3,0,646022,1
4,3,4,1,2,3,1,3,1,1,0,334453,1
3,4,5,1,3,3,1,4,2,2,1,491181,3
3,2,3,2,3,2,1,2,3,2,1,693365,0
4,1,3,2,1,4,1,2,3,2,1,576326,1
4,3,4,1,4,4,1,1,4,2,1,730705,1
2,2,2,3,3,5,0,1,4,1,0,874177,2
2,3,3,1,3,2,0,1,1,1,0,393429,3
3,2,2,2,4,4,1,4,1,3,1,602952,2
1,1,4,2,3,2,0,1,2,3,0,625901,3
4,4,2,1,2,2,0,1,2,1,0,414978,0
2,1,2,2,3,2,1,1,3,3,1,711466,2
3,4,2,1,2,1,1,3,4,1,0,583773,0
2,4,3,2,1,4,1,2,2,2,1,476174,2
4,3,1,1,1,2,0,2,3,1,0,451796,0
4,3,5,2,2,1,1,3,3,1,0,621877,0
5,3,2,1,2,1,0,4,1,3,0,347722,0
1,4,2,3,4,3,0,4,4,1,0,952555,2
5,2,2,3,2,3,1,4,3,2,0,777225,0
3,2,1,1,2,4,0,3,1,2,0,343562,2
2,3,4,2,3,3,0,2,3,3,0,676546,3
3,2,3,1,4,4,1,2,4,3,1,715258,1
4,2,1,2,2,1,0,1,3,1,0,621706,0
5,2,2,1,2,1,1,2,3,3,0,518943,0
5,3,1,2,2,4,1,4,2,2,1,552315,1
5,4,1,2,3,3,1,4,2,3,1,600352,0
3,2,1,4,3,3,0,1,1,3,0,784497,2
4,4,4,2,3,4,1,1,3,2,1,679609,1
2,3,5,2,1,5,0,2,1,1,0,434974,3
2,4,3,2,3,3,1,1,4,1,0,782786,2
3,3,4,4,2,2,0,1,1,3,0,717228,3
5,3,4,3,3,3,0,3,3,2,0,839616,1
1,1,5,1,3,5,1,2,2,2,1,478882,3
3,4,4,4,4,1,0,4,2,2,0,906268,0
3,1,1,2,2,1,0,3,1,1,0,455310,0
4,4,1,4,3,1,0,4,2,2,0,876572,0
2,4,2,4,1,3,1,1,3,2,0,814463,2
3,2,4,1,4,1,0,1,3,1,0,621253,3
3,2,2,3,3,5,1,4,4,2,1,890404,1
5,3,3,1,4,5,0,3,2,1,0,579314,1
5,2,1,1,4,3,1,3,2,3,1,539827,0
1,4,3,1,1,2,1,3,4,3,0,520938,3
4,1,5,3,1,3,1,1,1,3,0,543062,3
1,1,1,1,1,1,1,2,4,3,0,535154,2
5,4,3,1,2,3,0,1,2,3,0,417240,1
2,3,5,3,4,5,0,4,1,1,0,729612,3
5,4,3,1,3,3,0,3,3,1,0,551585,0
4,2,5,1,1,3,1,2,3,1,0,440541,3
5,3,5,1,1,2,1,3,4,2,0,515427,0
4,3,1,2,4,5,1,1,3,3,1,756747,1
4,3,2,2,4,4,0,2,2,2,1,673196,1
4,3,5,1,4,4,1,2,4,2,1,705620,1
4,3,5,5,3,5,1,1,2,2,1,999346,1
4,2,1,3,2,4,1,3,2,3,1,659033,1
2,2,2,2,2,1,1,3,1,2,0,481070,2
1,3,4,2,1,4,0,3,1,3,0,436922,3
3,2,4,2,2,1,0,1,1,3,0,499104,3
1,3,2,3,3,5,1,4,3,3,1,802199,2
4,2,3,1,2,4,0,4,1,2,0,342776,1
2,3,1,1,3,4,0,3,2,3,1,492727,2
5,3,2,4,1,1,0,2,4,3,0,872931,0
2,2,4,1,4,1,0,4,4,1,0,704843,3
4,1,5,2,3,3,1,3,2,2,1,595699,3
2,1,4,4,4,2,0,4,3,1,0,991224,3
2,3,5,3,1,4,1,3,4,1,0,777321,3
4,4,1,2,3,2,1,4,2,2,1,597636,0
2,1,5,3,3,2,1,4,2,1,0,711860,3
3,3,2,1,2,4,1,2,2,3,1,424989,2
3,2,5,3,3,1,0,2,4,1,0,918005,3
2,2,3,2,1,3,1,4,4,1,0,667135,3
5,4,2,4,4,5,1,3,1,3,1,856422,1
4,2,1,5,3,4,1,2,1,1,1,904939,1
3,2,2,4,1,4,1,1,2,3,1,746062,2
5,1,3,4,1,5,1,2,2,2,1,723801,1
2,1,1,2,3,2,1,4,2,1,0,620398,2
5,2,4,2,2,3,1,4,2,2,0,534747,1
1,1,3,2,3,2,0,1,4,1,0,787160,3
3,3,1,3,3,5,0,2,1,3,1,635238,2
2,2,5,4,2,5,1,4,3,1,0,852834,3
4,3,2,1,1,3,1,1,2,2,0,398203,0
2,1,1,4,3,5,0,1,1,3,1,795676,2
4,2,2,4,2,5,1,3,2,3,1,796230,1
2,3,5,5,4,3,1,2,4,2,1,1177116,3
5,4,1,4,4,4,1,2,3,2,1,972928,1
5,1,4,1,2,2,1,2,1,1,0,358179,0
5,4,3,1,1,4,1,4,1,1,0,292134,1
1,3,1,1,2,4,1,1,3,3,1,529262,2
4,3,5,1,1,2,1,3,4,2,0,544440,3
5,3,1,3,4,4,1,2,3,2,1,858190,1
1,1,2,4,3,3,0,3,1,1,0,773828,2
4,1,1,4,2,2,1,3,3,1,0,854350,0
2,3,4,3,4,1,0,1,4,3,0,964055,3
1,2,1,1,3,4,0,2,4,2,1,673686,2
3,4,3,1,4,5,1,3,2,2,1,546036,1
1,2,1,1,2,2,1,2,3,2,0,518700,2
1,1,2,2,2,1,1,2,3,2,0,616610,2
4,3,1,2,3,5,0,2,1,1,0,552018,1
2,2,4,1,2,1,1,3,4,1,0,599420,3
3,3,5,2,4,4,1,1,3,1,1,755177,3
5,3,1,1,3,5,1,1,1,3,1,417850,1
5,4,1,3,3,4,0,3,2,2,1,749651,1
1,3,3,2,4,5,1,4,3,1,1,741170,2
4,3,4,2,1,2,1,2,3,2,0,599282,0
4,3,5,2,3,3,0,2,1,1,0,550812,1
5,4,2,5,1,3,0,1,1,3,0,791070,0
3,2,1,1,4,1,1,3,4,1,0,717147,0
2,1,5,2,4,5,1,3,4,3,1,845502,3
3,2,2,3,3,4,1,4,4,2,1,895406,2
2,2,4,2,2,2,1,4,3,1,0,611066,3
5,3,4,4,3,2,0,1,1,1,0,754970,0
2,3,5,2,2,2,0,4,4,1,0,739436,3
4,3,2,2,1,3,0,4,3,2,0,573350,0
1,1,4,1,2,4,0,3,4,3,0,599235,3
1,3,5,3,3,2,1,3,2,3,1,750562,3
5,2,4,1,2,2,0,4,3,1,0,494114,0
4,3,4,1,4,1,1,1,4,2,1,718154,0
3,3,4,2,1,5,1,4,4,3,1,675602,1
4,2,3,2,4,5,1,1,2,3,1,699199,1
1,1,2,1,4,5,1,4,2,3,1,568906,2
1,1,5,3,4,1,1,3,4,3,1,958890,3
4,4,5,3,4,3,1,3,4,3,1,951245,1
4,4,2,1,2,1,0,1,1,1,0,373038,0
1,3,2,2,4,2,0,4,4,1,0,853266,2
3,1,2,3,2,4,1,4,4,1,0,834226,2
5,2,2,2,4,2,0,1,1,3,0,606183,0
5,3,1,2,3,2,1,4,1,3,1,522595,0
4,3,5,2,4,4,1,2,4,3,1,837718,1
5,1,1,3,3,5,1,3,1,1,1,669218,1
1,1,4,4,2,1,0,3,3,3,0,875143,3
1,3,4,3,1,3,1,1,2,1,0,636178,3
4,2,5,1,2,2,0,4,3,3,0,496164,3
4,2,4,2,1,2,1,1,2,1,0,502640,0
4,1,2,4,1,3,0,2,2,2,0,717787,0
3,3,1,1,4,1,1,4,4,3,1,705924,0
5,4,2,5,1,2,0,2,2,3,0,875286,0
4,4,4,4,2,3,0,1,3,1,0,870449,1
2,3,1,1,4,2,1,3,4,3,1,690081,2
2,3,2,4,1,5,0,2,1,1,0,633005,2
1,1,5,2,2,5,1,4,3,1,0,618408,3
5,3,2,4,1,2,0,1,4,2,0,870334,0
4,2,4,2,1,2,0,1,2,2,0,481103,0
2,3,1,2,4,5,1,1,3,3,1,771712,2
5,2,5,3,4,2,0,3,2,3,0,814721,0
1,2,1,3,2,1,0,1,4,1,0,835169,2
3,1,5,1,4,1,1,1,4,1,0,720494,3
5,2,1,2,4,4,0,3,1,1,0,613711,1
5,1,4,1,3,1,0,1,1,1,0,413452,0
3,1,5,2,3,2,0,1,3,3,0,696254,3
5,4,3,2,2,2,1,2,1,2,0,453897,0
1,2,1,2,4,3,1,1,2,3,1,654648,2
1,3,1,2,2,1,0,3,2,3,0,539674,2
3,4,2,1,3,5,1,2,1,3,1,407166,1
4,4,5,1,3,5,0,1,1,2,1,416710,1
2,3,3,1,3,4,1,3,1,3,1,409970,2
4,4,4,2,2,3,0,4,3,2,0,613794,1
5,2,2,5,4,5,1,1,3,1,1,1119184,1
2,2,3,1,1,4,1,4,2,3,1,375559,2
3,2,5,4,4,1,1,2,3,1,0,985344,3
3,3,3,3,2,3,1,3,3,1,0,775642,3
2,3,1,3,3,3,0,2,4,1,0,908365,2
1,2,1,3,1,2,0,4,2,3,0,621217,2
2,1,2,4,2,1,0,4,2,1,0,809818,0
5,3,5,1,3,3,0,4,1,3,0,395051,1
1,1,5,2,2,4,0,3,4,1,0,707126,3
3,3,3,3,1,5,0,4,1,3,0,514544,1
2,3,2,2,3,1,1,4,3,3,1,682875,0
4,3,5,4,4,1,0,3,2,3,0,894355,0
4,3,1,1,2,3,0,4,3,1,0,509992,0
5,4,3,3,1,3,0,1,3,3,0,711053,1
4,2,4,2,4,3,1,4,4,1,0,856076,1
2,3,1,2,1,4,0,3,4,2,0,661074,2
2,3,2,2,2,2,1,4,2,1,0,532516,2
4,1,5,3,1,3,1,3,2,1,0,612622,3
2,1,1,4,3,2,1,4,4,3,1,1035923,2
5,2,4,2,1,2,0,1,4,1,0,679242,0
1,2,4,4,2,1,0,3,4,2,0,978171,3
5,3,2,2,3,5,1,3,4,3,1,751479,1
5,4,1,1,1,5,0,3,2,1,0,367338,1
2,1,3,1,1,4,0,3,2,1,0,377007,2
1,1,1,1,3,4,0,4,3,3,1,590982,2
2,4,4,2,4,5,1,4,3,3,1,775078,1
3,1,2,2,4,5,1,1,3,1,1,751836,1
2,2,2,3,3,1,1,1,2,1,0,739246,2
2,3,3,3,1,1,1,4,1,3,0,512547,3
2,3,2,1,4,5,1,2,3,3,1,647691,2
1,1,2,1,3,3,1,3,1,2,1,418130,2
2,1,2,1,2,3,1,4,1,2,0,379340,2
1,1,2,2,1,1,1,1,1,2,0,438975,2
4,3,2,1,2,2,1,3,4,3,0,570459,0
3,3,4,1,1,5,0,1,2,3,0,352236,1
1,2,1,4,4,4,0,2,2,3,1,910830,2
4,3,5,4,2,3,1,3,3,1,0,850580,3
1,4,2,1,2,2,1,2,3,3,0,504439,2
1,1,5,2,3,3,1,2,2,1,0,594715,3
3,2,5,2,4,2,1,2,4,3,1,836107,3
5,3,4,3,4,5,1,4,2,3,1,795944,1
5,2,2,2,1,5,1,1,1,1,0,421764,1
1,2,5,1,3,5,1,3,2,3,1,513394,3
2,3,2,3,3,1,0,4,4,3,0,897567,0
4,4,3,2,1,2,1,1,2,3,0,508665,0
2,4,3,1,2,4,1,4,2,2,1,442425,2
2,3,3,2,1,4,1,1,2,3,1,511432,2
1,3,5,2,1,5,0,3,1,1,0,407242,3
1,2,3,2,1,4,0,3,3,1,0,593949,2
1,3,4,1,3,3,1,3,4,1,0,648824,3
1,2,4,2,1,2,1,3,1,3,0,401898,3
5,1,5,1,1,2,1,1,2,1,0,384480,0
1,3,2,3,1,2,0,4,2,2,0,639667,2
5,3,1,1,4,3,1,3,3,1,0,650123,0
5,2,2,1,2,1,1,3,3,3,0,533353,0
1,4,2,3,2,3,0,3,3,2,0,747759,2
3,1,2,3,2,2,1,2,1,1,0,593068,0
4,2,2,4,2,2,1,3,4,2,0,933669,0
2,1,1,2,3,2,1,3,3,1,0,684382,2
5,3,3,1,3,4,1,1,2,3,1,485436,1
4,3,2,3,1,1,1,2,4,2,0,768774,0
3,2,4,3,3,3,1,1,2,1,0,746030,3
2,3,5,1,2,2,0,4,2,1,0,414638,3
2,2,5,4,4,5,1,2,4,2,1,1052866,3
5,3,4,1,1,1,0,1,1,2,0,279251,0
1,2,2,5,1,5,0,1,4,2,0,998948,2
3,2,1,4,2,1,0,4,3,2,0,872878,0
5,4,3,3,2,2,0,4,4,1,0,810187,0
3,2,5,4,2,1,1,3,3,1,0,882270,3
1,1,3,3,3,1,1,3,3,1,0,833341,3
1,3,1,1,1,2,0,2,4,3,0,530962,2
5,4,5,2,2,5,1,2,4,2,1,719911,1
1,2,3,1,4,5,1,4,3,1,1,629098,2
4,1,1,2,1,4,1,2,2,2,1,477408,1
2,2,3,3,1,5,1,3,4,2,1,766679,2
5,3,2,2,3,5,0,4,1,1,0,513533,1
3,1,1,2,1,1,1,1,3,2,0,554140,0
4,3,3,2,2,4,1,4,2,2,1,566810,1
5,4,2,4,2,2,1,2,4,2,0,956618,0
1,2,2,1,4,2,1,3,4,2,1,710654,2
1,2,1,2,1,3,1,3,2,2,0,500775,2
1,2,4,1,1,4,1,1,1,1,0,310501,3
1,1,5,3,3,1,1,1,3,1,0,804676,3
3,4,1,1,2,3,1,4,4,2,0,576005,2
4,2,2,3,4,3,0,3,1,2,0,695870,0
2,2,2,1,2,2,0,1,3,2,0,493904,2
3,3,1,1,1,5,0,1,1,3,0,318235,2
3,2,4,4,1,1,1,4,3,2,0,801973,3
2,3,5,1,4,4,1,4,3,3,1,656976,3
2,1,3,2,1,3,0,3,1,3,0,392261,3
1,4,1,1,4,1,1,2,3,3,1,655813,2
3,4,5,2,4,2,1,2,4,1,0,827804,3
5,3,5,2,2,3,1,3,4,3,0,713077,1
2,4,2,2,4,3,0,2,1,2,0,617276,2
2,1,3,1,1,2,1,3,1,2,0,294680,3
4,2,1,2,3,2,1,3,3,1,0,686862,0
5,3,2,3,3,2,1,1,3,1,0,811902,0
5,3,2,3,1,1,1,2,1,2,0,549345,0
2,2,4,2,3,1,1,3,2,1,0,629553,3
1,2,5,2,3,1,0,2,1,1,0,518884,3
4,1,1,1,4,5,1,2,2,3,1,533038,1
5,2,1,1,3,3,0,4,2,3,0,502961,0
2,1,1,1,3,1,0,2,1,1,0,421562,2
5,3,2,1,3,5,0,3,1,2,1,416065,1
4,2,4,1,2,3,0,1,1,3,0,362084,1
4,1,3,2,1,1,0,2,2,2,0,519210,0
3,3,2,2,4,2,1,3,4,1,0,821801,0
2,3,3,4,3,4,1,4,4,2,1,1010957,2
4,4,4,1,1,1,1,2,1,2,0,272580,0
3,3,5,3,3,4,1,1,1,2,1,656544,3
3,2,1,4,2,1,0,2,3,2,0,895647,0
5,4,3,2,2,2,0,3,3,1,0,655013,0
5,3,2,1,3,4,1,2,3,1,1,582454,1
3,1,3,1,3,5,1,2,1,3,1,436401,1
5,3,5,1,3,2,1,4,4,3,1,641277,0
4,4,1,2,2,4,1,2,4,3,1,730391,1
1,2,3,3,2,4,1,1,1,3,1,602988,2
4,2,5,1,1,2,1,2,1,2,0,270875,3
3,1,2,1,4,2,1,4,2,3,1,541654,0
3,1,4,3,4,2,0,3,2,3,0,771196,3
4,2,2,3,2,3,1,2,4,2,0,859487,0
5,3,1,2,4,5,1,2,3,1,1,771184,1
5,1,2,3,3,1,1,4,4,3,1,893398,0
3,4,2,2,1,4,0,4,2,1,0,484370,2
2,3,2,1,2,1,1,4,4,3,0,598517,0
5,3,2,2,2,2,0,2,2,1,0,558859,0
4,4,1,2,4,5,1,1,2,3,1,651247,1
5,1,5,4,3,5,0,4,3,1,0,934564,1
4,2,3,1,1,3,0,3,3,1,0,476018,1
3,3,4,2,4,2,1,2,2,3,1,657111,3
5,4,3,2,2,4,0,3,1,1,0,470973,1
4,3,3,2,2,3,0,3,3,3,0,644654,1
3,2,4,1,4,2,0,1,2,3,0,530310,3
2,4,1,2,3,3,0,3,1,2,0,520760,2
4,1,4,4,1,1,1,4,1,3,0,647988,0
2,4,1,2,1,2,1,4,4,3,0,652043,2
2,4,3,2,1,4,1,2,4,3,1,654944,2
1,1,1,1,1,4,1,1,3,3,1,466314,2
5,3,5,1,3,2,1,1,1,2,1,428119,0
4,1,4,2,2,3,1,3,3,2,0,634401,1
2,2,5,4,2,5,1,1,2,2,1,787381,3
1,3,3,5,1,2,1,3,3,2,0,943264,3
3,3,4,2,1,4,1,3,1,1,0,412069,1
4,4,3,2,1,1,1,1,4,3,0,672964,0
2,3,5,4,4,4,0,2,3,2,1,971198,3
5,2,3,2,4,5,0,3,4,3,1,853305,1
1,4,4,2,2,4,1,4,3,2,1,615910,3
2,4,4,1,2,5,1,4,2,3,1,415484,1
5,1,3,3,1,2,0,1,1,1,0,556165,0
2,4,4,2,4,4,0,1,3,2,1,730576,3
4,1,4,4,3,3,1,3,2,1,0,862821,1
4,4,3,3,4,3,1,3,2,1,0,818757,1
4,2,5,1,2,4,0,4,2,3,0,454392,1
1,1,4,3,4,4,0,3,4,2,1,978603,3
4,2,4,4,2,1,1,4,4,1,0,962996,0
5,3,4,2,1,4,1,3,2,3,1,495354,1
2,2,4,1,3,1,0,2,2,3,0,518958,3
3,1,3,1,1,1,1,2,3,3,0,460229,0
5,3,5,2,1,1,1,4,3,1,0,562022,0
5,4,5,2,3,1,1,2,1,3,1,510984,0
4,2,1,2,3,2,1,2,3,3,1,682660,0
1,2,4,1,3,3,1,1,1,3,1,415044,3
2,2,4,4,2,1,0,3,1,1,0,708851,3
1,1,1,1,1,3,0,1,1,3,0,312809,2
2,4,5,1,2,1,0,4,4,1,0,603299,3
2,4,2,2,3,3,0,1,3,3,0,683711,2
1,3,2,2,2,4,0,4,2,1,0,541227,2
5,2,5,1,3,4,0,2,1,1,0,398028,1
2,3,4,1,4,3,1,1,2,2,1,546945,3
1,3,2,1,3,1,1,2,1,2,1,422857,2
2,4,3,3,1,2,1,3,3,2,0,708503,3
3,3,3,3,1,3,1,2,1,1,0,535982,3
5,3,1,2,1,5,0,3,3,3,0,585913,1
4,3,5,3,2,2,0,2,2,3,0,651292,3
2,2,5,3,1,5,0,1,3,1,0,693880,3
3,4,2,1,3,3,1,1,2,3,1,502538,2
4,3,4,5,4,1,0,2,3,1,0,1097559,0
4,3,5,4,1,5,1,4,1,3,1,666549,1
2,2,2,1,2,3,1,4,1,1,0,365159,2
1,3,2,1,4,2,0,3,3,2,0,631539,2
2,3,5,1,1,1,0,3,2,2,0,363204,3
3,1,2,1,1,5,1,2,2,3,1,352252,1
4,1,1,3,4,3,1,1,2,3,1,806659,0
2,3,1,2,1,1,1,3,3,3,0,559866,2
1,3,5,3,2,1,0,2,3,3,0,779927,3
2,3,4,3,3,4,1,3,3,2,1,827997,3
5,2,1,3,3,1,0,1,3,2,0,814800,0
1,3,1,3,4,3,1,3,2,1,0,777553,2
3,1,5,1,3,2,1,2,2,3,1,502831,3
4,2,3,2,1,4,1,3,4,2,1,631787,1
2,1,2,3,1,3,1,4,3,1,0,714810,2
1,1,1,1,2,3,1,3,4,1,0,610837,2
5,2,3,1,3,3,0,1,3,1,0,561726,1
1,2,4,4,4,5,0,1,4,2,1,1053915,3
5,1,3,3,1,5,0,1,2,1,0,637423,1
3,2,5,1,4,2,1,1,2,3,1,575412,3
4,3,4,3,1,3,1,2,4,1,0,750092,1
3,2,4,3,1,5,0,3,1,1,0,520934,1
2,2,3,2,2,5,1,3,3,2,1,639995,2
1,4,5,1,3,5,0,3,4,1,0,662469,3
5,1,1,4,2,2,0,3,4,2,0,931677,0
5,3,3,2,3,2,0,2,1,2,0,538242,0
1,1,1,1,4,3,1,1,2,3,1,551892,2
1,1,3,2,3,4,1,3,4,1,1,772114,2
2,3,1,3,4,3,1,3,2,3,1,806632,2
3,3,3,1,1,5,1,1,3,3,1,457057,1
5,4,4,1,4,5,0,4,1,1,0,494916,1
2,3,2,1,4,1,1,4,2,1,0,574031,0
3,4,4,5,1,3,0,1,4,2,0,1037881,3
2,1,1,1,4,5,1,3,1,1,1,487355,2
5,1,5,2,4,5,1,1,1,2,1,601532,1
1,1,4,4,1,4,1,3,1,3,1,640169,3
1,1,2,1,1,1,1,3,1,3,0,304566,2
3,3,1,5,1,3,1,4,1,2,0,796550,2
4,3,4,4,3,2,0,4,3,1,0,940740,0
3,1,3,4,1,3,1,3,3,1,0,836176,3
4,4,5,1,1,3,0,3,1,2,0,280030,1
2,4,1,3,4,4,0,3,4,3,1,940752,2
2,2,4,3,2,3,1,4,4,2,0,817051,3
5,1,1,5,2,4,1,3,3,1,0,1012623,1
4,1,3,1,3,4,0,1,2,1,0,480589,1
5,1,2,3,3,5,1,2,1,2,1,641395,1
1,1,4,2,2,2,1,2,4,1,0,702833,3
4,3,1,1,2,4,1,3,3,3,1,490598,1
3,2,1,2,1,1,1,1,3,2,0,564367,0
1,2,1,3,4,1,1,3,2,3,1,788428,2
1,4,2,2,1,2,0,1,2,3,0,486642,2
3,3,1,2,3,4,1,4,4,2,1,770955,2
1,4,5,5,2,2,1,4,2,2,0,930771,3
4,1,5,2,3,5,1,3,2,1,1,600097,1
5,2,1,3,1,1,1,4,1,1,0,523207,0
1,3,5,2,3,3,0,3,3,2,0,692560,3
4,1,4,2,3,1,0,2,3,2,0,693426,0
2,1,5,3,4,4,0,1,2,1,0,814592,3
4,3,1,4,3,2,1,1,3,1,0,910797,0
5,3,3,2,1,1,0,2,3,1,0,593463,0
4,2,4,3,4,3,0,2,4,2,0,935713,1
3,2,2,1,3,3,1,2,3,2,1,590079,2
5,2,1,1,1,2,1,2,2,1,0,370404,0
2,1,2,2,2,2,1,4,4,3,0,695911,2
3,2,3,1,4,1,1,1,3,3,1,613954,0
4,1,2,1,3,4,0,1,3,1,0,592587,1
5,1,1,2,3,5,0,2,4,2,1,754312,1
2,4,1,1,4,3,1,3,4,2,1,720875,2
3,3,3,1,1,2,1,3,3,3,0,471748,0
2,3,1,2,3,5,1,3,1,1,1,528440,2
4,2,3,2,1,5,0,3,1,3,0,405828,1
2,2,3,4,4,5,0,4,3,3,1,1000898,2
1,2,1,3,3,4,1,1,3,1,1,836720,2
3,1,5,2,2,2,1,1,4,3,0,729870,3
2,1,3,4,2,3,1,1,4,2,0,975428,3
4,3,1,3,2,2,1,3,3,3,0,745427,0
4,3,5,1,4,1,1,2,3,1,0,639641,0
2,3,3,1,3,3,1,3,3,2,1,572169,2
4,2,5,3,4,2,1,1,3,2,1,884215,3
5,4,4,2,3,3,1,3,1,3,1,559666,1
5,1,4,3,2,1,1,2,4,2,0,855419,0
5,2,5,3,2,3,1,2,2,1,0,697880,1
1,2,3,3,1,5,1,3,3,3,1,671951,2
2,3,1,5,4,4,0,1,3,2,1,1111954,2
1,4,2,2,4,1,1,4,3,1,0,743827,2
4,2,1,1,1,3,1,1,2,3,0,358965,0
1,4,2,4,2,1,0,4,4,1,0,963096,2
4,4,2,1,2,5,1,1,4,2,1,578985,1
4,2,3,3,4,4,0,3,3,3,1,882641,1
3,2,5,5,3,1,1,4,3,3,1,1052897,3
5,2,1,3,2,5,1,1,4,2,1,855652,1
4,4,5,2,1,5,0,3,2,1,0,475973,1
3,1,4,2,1,5,1,1,3,2,1,567794,1
5,3,3,2,1,3,1,2,2,3,0,477714,1
4,2,3,2,4,2,1,2,2,3,1,651137,0
4,3,4,3,4,1,1,1,4,2,1,967240,0
1,2,1,3,4,2,1,3,3,1,0,886042,2
1,3,4,3,4,5,1,1,1,2,1,693273,3
5,4,1,1,1,2,1,3,4,1,0,532627,0
4,4,2,2,1,5,0,4,4,1,0,662193,1
2,4,3,3,4,5,1,2,1,3,1,705151,2
1,1,1,2,4,4,0,4,3,1,0,740155,2
5,3,5,2,1,4,1,3,2,3,1,496741,1
4,1,5,3,4,2,1,1,2,1,0,792948,3
4,2,3,3,4,1,0,2,2,1,0,808130,0
2,3,4,2,4,2,1,3,3,3,1,734636,3
5,2,4,4,4,1,0,3,4,1,0,1088114,0
4,3,1,1,2,2,1,2,4,2,0,601649,0
1,4,4,5,4,3,1,1,4,1,0,1213706,3
2,1,3,1,1,3,1,2,4,3,0,546976,3
5,3,1,1,1,1,1,1,4,3,0,547236,0
2,2,2,4,1,4,1,1,1,2,1,632346,2
1,1,4,1,1,1,1,3,2,1,0,363984,3
5,1,4,3,4,2,1,1,2,2,1,771042,0
2,4,1,4,2,5,0,1,3,1,0,863063,2
3,4,5,4,3,3,1,2,1,2,1,770490,3
1,4,4,5,3,5,1,2,4,3,1,1150967,3
1,4,3,1,3,3,1,1,4,3,1,666499,2
1,2,4,3,3,2,0,3,4,2,0,912533,3
3,2,2,1,1,3,0,2,1,1,0,277302,2
3,3,4,2,4,1,1,4,3,1,0,751876,0
4,2,5,4,4,5,0,3,1,3,1,859612,1
2,2,4,2,3,5,1,2,3,1,1,686294,3
4,2,1,2,3,2,1,2,2,2,1,592302,0
2,3,4,2,2,5,1,4,3,2,1,629017,1
3,3,5,3,2,2,0,1,2,1,0,692311,3
3,1,1,5,2,4,1,2,3,3,1,970361,2
4,2,3,1,1,1,1,4,2,3,0,388261,0
5,3,1,2,4,3,1,4,2,3,1,667171,0
4,3,2,4,1,3,1,2,4,3,0,919360,0
2,2,1,2,1,3,0,3,3,3,0,591226,2
4,3,3,1,4,4,1,2,4,2,1,719327,1
1,1,4,2,2,1,1,4,2,1,0,535092,3
2,2,1,2,4,5,0,2,4,2,1,826937,2
2,3,1,1,3,5,0,3,1,3,1,430793,2
5,3,1,4,2,1,0,1,4,3,0,943817,0
3,2,1,2,4,1,0,1,3,1,0,739779,0
2,3,3,4,1,3,0,2,4,1,0,874516,3
3,3,5,4,4,5,1,2,1,1,1,849219,1
4,3,5,3,2,1,1,4,4,2,0,840114,0
1,3,1,1,3,5,1,3,2,1,1,484530,2
5,3,3,2,1,1,1,4,2,2,0,479310,0
3,2,3,1,3,2,1,4,2,3,1,504281,0
2,1,1,4,3,3,1,1,3,2,1,933809,2
3,2,2,1,1,1,1,4,4,1,0,556104,0
2,2,1,1,4,4,1,4,2,2,1,551735,2
3,3,2,2,4,1,1,1,4,2,1,854363,0
2,3,1,1,3,2,1,1,1,2,1,396749,2
4,2,2,1,4,4,0,3,1,1,0,477637,1
2,1,2,2,2,4,1,3,3,2,1,617005,2
2,2,1,1,3,1,1,3,4,1,0,659898,2
1,2,2,1,3,2,1,2,1,2,1,413538,2
2,3,4,2,3,4,0,1,3,2,1,707206,3
1,1,5,3,2,3,1,2,3,2,0,775648,3
5,3,3,2,3,3,0,2,2,1,0,611708,1
1,4,2,2,4,5,0,3,1,1,0,615024,2
4,1,2,2,4,5,0,1,4,1,0,852944,1
1,2,3,2,4,2,1,2,1,3,1,595467,3
5,1,2,4,4,4,1,4,1,1,1,859127,1
4,3,3,1,3,3,0,4,4,2,0,644412,0
3,3,1,3,2,3,1,1,4,3,0,839378,2
3,2,4,4,1,2,0,2,2,1,0,757055,3
1,3,4,4,4,4,0,3,3,1,0,998102,3
1,4,5,1,1,2,1,2,4,3,0,523044,3
5,1,2,1,1,1,0,4,4,3,0,541309,0
5,1,5,3,3,3,1,4,1,1,0,648239,1
2,4,1,1,4,2,0,3,4,3,0,692435,2
5,3,4,4,4,2,0,1,4,2,0,1093934,0
2,4,1,3,4,1,1,2,1,2,1,713164,2
4,3,1,3,1,5,1,4,1,2,1,545866,1
1,4,2,1,4,3,0,2,1,1,0,453386,2
4,2,1,3,4,2,1,3,2,2,1,775440,0
5,3,4,3,2,3,1,3,3,3,0,775503,1
4,4,5,4,3,5,1,1,4,2,1,1032776,1
4,3,4,1,4,2,0,3,1,3,0,456436,0
4,1,2,1,4,1,1,1,1,2,1,457403,0
5,2,4,2,3,3,1,2,3,3,1,693242,1
4,1,3,1,3,1,0,4,2,2,0,513464,0
2,2,5,2,1,5,1,4,4,2,1,632939,3
5,2,3,4,1,5,1,1,2,2,1,727222,1
4,3,3,2,1,3,1,4,2,3,0,497277,1
5,3,2,4,3,5,1,1,2,3,1,851143,1
3,2,1,1,2,4,1,1,1,2,1,333138,2
2,3,3,1,4,3,1,2,3,3,1,659327,2
4,1,4,1,3,4,1,2,3,3,1,570989,1
3,1,1,2,2,5,1,3,3,1,0,613162,2
3,1,4,4,3,3,1,1,2,2,1,832752,3
5,3,4,1,2,4,0,2,4,3,0,595765,1
3,2,1,3,3,5,0,1,2,3,1,755657,2
2,2,1,2,3,2,1,1,3,3,1,670837,2
2,2,4,4,2,2,0,1,1,3,0,718474,3
1,4,2,1,2,1,1,2,2,1,0,422043,2
2,1,5,1,2,2,1,1,1,3,0,378565,3
3,3,5,1,2,4,1,1,3,3,1,537154,3
2,3,2,2,2,2,1,3,2,1,0,565501,2
5,3,1,1,2,3,1,1,1,2,0,374770,0
1,4,4,4,2,3,0,3,2,2,0,817369,3
3,1,5,3,2,3,1,1,3,1,0,754072,3
1,1,4,3,3,2,0,3,4,2,0,907974,3
3,4,2,2,2,2,1,2,3,2,0,612653,0
5,2,4,1,2,1,0,2,4,1,0,592524,0
1,3,2,2,3,5,0,4,4,3,1,769733,2
4,3,1,5,3,1,1,1,3,1,0,1066078,0
3,3,2,4,1,4,0,4,1,1,0,667448,2
4,4,2,4,1,3,1,4,2,1,0,728770,0
1,4,5,4,2,2,1,3,2,1,0,807959,3
4,3,4,1,2,5,0,2,2,1,0,459525,1
4,2,5,1,1,5,0,1,4,3,0,547443,1
1,4,3,1,1,2,1,1,4,2,0,522804,3
5,1,2,2,4,1,1,3,3,1,0,746210,0
4,2,3,1,4,5,1,4,1,3,1,484029,1
4,4,5,2,2,1,0,3,3,1,0,617633,0
5,2,4,3,4,2,1,4,3,3,1,858312,0
4,2,5,4,1,1,1,1,1,2,0,668300,3
4,1,4,3,2,3,1,3,4,3,0,830229,1
4,4,4,4,3,2,0,4,3,3,0,912884,0
2,3,1,1,3,2,1,3,3,2,1,593577,2
5,3,2,1,1,5,0,2,4,2,0,530522,1
4,2,5,3,4,5,0,3,2,3,1,775623,1
5,3,4,1,3,5,1,1,1,1,1,401460,1
3,3,5,1,4,3,1,3,1,1,0,460234,3
3,2,5,2,3,3,1,1,2,2,1,608503,3
4,2,4,1,4,4,1,1,1,1,1,474100,1
5,2,3,2,3,2,1,3,2,2,1,606874,0
5,4,2,2,3,5,1,3,3,3,1,716905,1
5,3,2,2,2,2,1,3,1,3,0,479420,0
2,4,1,3,2,1,1,2,1,1,0,605813,2
3,2,1,2,1,3,0,2,3,2,0,550382,2
5,3,1,1,3,4,0,4,4,1,0,679956,1
5,3,2,1,4,1,1,3,4,1,0,728353,0
2,3,3,2,3,2,1,4,3,3,1,679369,3
2,4,2,3,4,3,0,4,1,1,0,724985,2
5,2,2,3,4,5,1,1,1,3,1,732255,1
1,1,2,3,3,1,1,4,1,2,1,653661,2
5,3,2,1,4,3,1,3,2,1,0,575486,0
5,3,3,2,1,2,0,2,4,3,0,677883,0
2,3,1,2,2,2,0,4,1,1,0,450650,2
2,2,5,2,4,1,1,4,4,2,1,850937,3
5,3,1,2,3,1,1,2,4,1,0,771299,0
5,2,1,2,2,1,0,4,1,1,0,476862,0
5,2,5,2,1,4,0,3,3,3,0,581153,1
2,3,2,3,4,5,1,4,3,2,1,866312,2
5,3,3,1,4,3,0,1,4,2,0,700943,1
5,2,3,3,2,2,1,4,2,2,0,653198,0
4,2,1,1,4,2,1,1,4,1,0,707325,0
1,2,5,1,3,5,0,2,4,3,1,638732,3
3,1,4,5,2,1,0,2,3,1,0,975805,3
1,3,2,5,2,1,1,4,1,1,0,828913,2
4,4,1,1,4,2,0,4,1,1,0,451202,0
3,2,3,2,1,5,1,2,2,2,1,487034,1
5,3,5,1,1,2,1,1,3,3,0,433006,0
4,4,5,2,1,1,1,2,3,2,0,558505,0
5,4,1,4,1,3,0,2,4,1,0,890498,0
2,1,4,5,2,1,0,1,3,1,0,1012143,3
4,4,3,3,2,3,1,2,4,3,0,855873,0
2,2,1,2,4,4,1,4,2,2,1,666505,2
4,2,4,3,1,5,0,4,3,1,0,676603,1
4,1,5,2,1,4,1,2,3,1,0,574744,1
2,2,2,4,4,1,1,4,4,3,1,1053682,0
3,1,3,4,4,5,1,3,3,1,1,983460,1
1,2,3,2,4,1,0,2,1,2,0,583559,3
5,2,4,2,3,5,1,3,2,2,1,618544,1
4,4,1,1,4,5,1,2,1,1,1,456864,1
5,4,5,1,4,1,1,2,4,1,0,713778,0
2,2,4,4,3,1,1,3,4,1,0,1004234,3
5,4,2,2,1,5,0,2,4,3,0,658593,1
2,4,2,2,2,5,0,4,2,3,0,574657,2
5,3,2,2,1,1,0,3,3,2,0,551729,0
1,1,4,4,2,1,1,2,1,2,0,734515,3
1,3,5,1,2,2,1,4,3,1,0,512336,3
1,4,3,4,4,2,0,3,4,1,0,1084936,3
1,3,1,4,4,2,0,3,3,1,0,982413,2
1,2,3,4,3,4,0,4,2,3,1,877652,2
1,3,5,2,1,5,0,2,4,3,0,659764,3
2,3,3,1,1,3,1,2,3,1,0,475741,2
4,3,4,2,2,4,0,3,1,1,0,457668,1
5,1,2,2,4,5,0,1,4,2,1,823260,1
1,2,5,1,4,3,1,2,4,3,1,701308,3
2,4,5,3,1,2,1,2,2,1,0,598896,3
2,4,3,2,3,3,1,4,2,3,1,629408,2
2,1,4,4,4,1,0,1,1,1,0,829283,3
4,4,3,1,3,1,0,1,3,1,0,569591,0
5,2,3,3,1,5,1,3,3,2,1,695282,1
4,3,5,3,1,4,0,4,4,2,0,763919,1
3,3,3,3,3,2,0,4,4,2,0,877674,0
2,4,2,4,4,5,1,2,3,1,1,1000699,2
3,4,3,3,1,2,1,3,3,2,0,700840,0
1,2,2,4,2,1,0,2,3,1,0,868392,2
1,4,5,2,1,4,0,1,4,3,0,661960,3
4,1,4,2,4,4,1,4,2,3,1,654721,1
5,3,2,1,2,1,0,3,2,1,0,439197,0
3,3,4,1,1,3,1,2,1,2,0,296173,3
5,3,4,1,4,4,1,2,3,2,1,611066,1
4,2,2,1,4,3,1,1,3,3,1,652906,0
1,4,5,1,1,2,1,4,3,1,0,457375,3
5,1,1,1,4,4,0,1,1,1,0,451918,1
5,1,4,1,3,1,0,2,3,1,0,559457,0
1,3,4,4,2,3,1,4,2,3,0,780726,3
3,2,5,1,3,2,1,4,3,3,1,564282,3
1,4,5,3,1,2,1,1,1,2,0,534815,3
5,2,3,1,3,4,1,4,4,1,1,652594,1
3,1,5,4,1,4,1,1,4,1,0,877448,3
3,4,4,4,1,5,1,4,2,1,0,711142,1
1,3,2,3,4,5,1,4,2,1,1,790232,2
5,1,1,3,4,4,1,3,2,3,1,771415,1
4,3,3,1,1,5,1,4,4,2,1,516374,1
5,3,2,5,2,1,0,2,3,3,0,996974,0
2,3,1,4,2,1,1,3,1,2,0,723528,2
4,2,1,4,2,5,1,1,1,1,0,693642,1
3,4,1,3,3,4,0,2,3,1,0,807936,2
4,4,2,2,1,1,1,1,4,1,0,661914,0
3,3,3,4,4,2,1,1,4,1,0,1059347,0
3,1,3,1,3,4,1,2,1,1,1,414932,1
4,4,1,2,3,3,0,1,2,3,0,613593,0
3,3,2,1,4,3,1,3,2,2,1,531328,2
3,3,1,4,1,4,0,2,1,3,0,648760,2
2,2,5,1,3,5,1,1,1,1,1,409625,3
5,4,3,1,1,1,0,1,3,2,0,456567,0
5,3,4,2,1,1,1,4,3,2,0,562063,0
2,1,1,3,1,4,1,4,3,1,0,701630,2
4,2,5,3,4,2,0,1,3,2,0,876961,3
1,4,3,1,1,5,1,2,3,3,1,433140,2
1,1,2,1,3,2,1,3,3,3,1,567265,2
1,4,3,3,4,4,0,1,2,3,1,778730,2
2,3,2,5,4,4,0,1,1,3,1,944057,2
2,3,2,4,3,2,0,1,4,2,0,993557,2
3,2,1,2,4,3,0,4,3,3,0,759114,2
1,2,1,4,3,4,1,2,2,2,1,843211,2
4,4,3,2,2,5,1,1,1,1,0,497154,1
4,2,5,2,3,2,0,4,1,3,0,528580,3
1,3,3,2,4,3,1,1,1,1,0,588334,2
1,2,4,2,3,2,1,1,3,3,1,679802,3
1,1,2,3,2,3,0,2,3,1,0,752321,2
2,1,2,2,1,3,0,4,4,1,0,665931,2
2,3,1,2,1,5,0,3,3,1,0,587231,2
2,4,5,1,1,4,1,2,1,1,0,274007,3
5,2,1,1,4,3,1,3,1,1,0,454675,0
4,2,4,2,2,4,1,4,2,2,1,544058,1
4,2,3,1,3,5,0,4,2,2,1,519001,1
3,3,3,1,3,4,1,3,4,3,1,667519,1
2,2,5,3,3,1,1,4,2,2,1,716219,3
5,4,1,3,3,3,1,2,4,1,0,885445,0
5,3,1,3,4,5,1,1,2,2,1,778418,1
4,3,4,2,4,2,1,3,1,2,1,593914,0
2,1,3,4,2,5,1,1,3,1,0,879630,2
3,4,1,4,3,3,1,3,3,2,1,950503,2
2,2,5,4,1,5,0,1,4,1,0,911551,3
1,1,3,3,4,2,1,1,3,2,1,878695,3
2,3,4,2,2,1,1,2,3,1,0,640434,3
1,3,5,5,2,3,1,1,2,3,0,904456,3
1,2,2,1,4,3,1,3,1,2,1,480185,2
3,2,4,1,1,5,1,1,3,3,1,454156,1
4,3,5,2,1,4,0,4,1,1,0,435908,1
2,1,1,1,3,4,0,1,2,1,0,513631,2
1,4,2,5,4,2,1,1,2,3,1,1057993,2
2,3,4,2,1,1,0,4,3,1,0,552078,3
4,2,1,2,4,1,0,4,3,1,0,760350,0
4,2,2,3,2,5,1,3,2,1,0,694910,1
5,2,3,2,2,5,1,4,2,1,0,542073,1
4,3,1,1,2,4,0,4,4,1,0,593778,1
3,3,5,3,4,1,0,3,4,1,0,953397,3
1,2,4,3,3,1,1,3,1,1,0,633321,3
5,3,2,2,3,1,0,1,2,1,0,602337,0
3,4,1,3,1,2,1,2,1,3,0,557829,2
2,2,3,1,4,2,0,3,2,2,0,536011,3
1,4,4,1,3,5,1,4,1,1,1,429855,3
4,2,4,1,4,4,1,1,4,3,1,699996,1
1,1,1,2,3,3,1,4,2,1,0,624498,2
2,2,3,4,2,4,0,3,2,2,0,816845,2
5,2,2,4,2,2,1,2,1,1,0,710046,0
5,2,1,2,1,2,1,1,1,3,0,411494,0
5,1,2,2,2,5,0,3,3,3,0,616618,1
4,4,4,3,3,3,1,3,3,2,1,796899,1
3,4,2,1,1,1,1,4,4,1,0,541322,0
3,3,3,1,1,3,1,2,2,3,0,383797,1
1,1,5,5,2,3,0,3,2,2,0,905128,3
4,1,3,3,4,3,0,4,1,2,0,723179,1
5,1,2,5,2,5,1,1,4,1,0,1051981,1
5,3,1,2,2,2,1,4,2,3,0,572307,0
2,4,4,3,1,1,1,1,4,1,0,784073,3
2,2,5,1,2,3,1,4,3,1,0,502478,3
5,1,1,1,3,1,0,2,1,1,0,436014,0
5,3,1,2,1,3,1,4,2,3,0,496429,0
4,2,3,2,2,2,0,2,1,2,0,487363,0
3,2,2,1,4,1,1,2,3,1,0,659967,0
2,3,3,1,3,4,1,1,4,1,1,641697,2
3,3,2,1,4,2,1,4,4,3,1,705422,0
4,1,3,3,3,1,1,4,3,1,0,832436,0
5,1,1,2,4,3,0,4,3,2,0,768380,0
3,4,4,1,2,3,1,2,2,1,0,440341,3
5,2,2,1,3,2,0,3,2,2,0,472037,0
5,1,5,1,1,2,0,4,2,1,0,359522,0
1,1,5,3,1,3,0,4,2,1,0,611259,3
3,1,1,1,4,1,1,3,2,1,0,541998,0
3,2,3,3,4,4,0,1,4,2,1,937086,1
5,4,3,1,4,5,1,4,2,1,1,531149,1
4,2,1,1,3,2,1,3,3,1,0,572792,0
1,2,5,4,1,3,1,4,3,1,0,806390,3
5,3,5,3,2,1,0,2,2,2,0,684204,0
2,3,3,1,3,2,0,3,3,1,0,586018,3
2,4,2,4,4,1,1,2,1,3,1,838115,2
1,4,4,2,1,2,1,3,4,2,0,654047,3
4,1,2,4,4,3,0,1,4,3,0,1067078,0
5,3,5,3,2,1,1,2,2,1,0,671471,0
3,2,2,3,2,3,1,4,1,2,0,584263,2
1,4,4,5,1,1,1,3,2,2,0,834843,3
4,2,2,1,3,2,1,4,2,1,0,482433,0
3,4,2,3,2,5,1,1,3,3,1,741559,1
2,3,2,2,2,5,1,3,4,2,1,694952,2
2,2,2,1,2,4,0,1,1,2,0,370610,2
3,3,1,1,2,4,1,3,3,2,1,522793,2
1,4,5,1,4,3,1,2,4,2,1,710931,3
2,4,4,3,4,1,0,4,4,2,0,932153,3
5,1,5,2,3,4,1,2,2,1,1,618911,1
3,3,1,2,1,2,0,2,1,2,0,398019,2
3,2,1,1,1,5,0,2,2,3,0,369873,2
2,1,1,2,1,1,0,2,3,2,0,591291,2
1,2,1,4,2,5,1,3,2,1,0,801631,2
5,2,2,2,4,1,1,4,2,1,0,687929,0
1,4,5,3,4,4,1,3,4,3,1,947028,3
4,2,3,3,3,4,1,3,4,2,1,904620,1
4,4,4,3,1,3,0,3,3,3,0,710491,1
2,1,1,2,4,1,1,2,4,3,1,858474,2
2,2,5,4,3,2,1,1,4,3,1,1000623,3
2,2,1,2,1,4,1,2,4,3,1,649968,2
4,2,1,4,2,3,1,3,2,2,0,773809,0
1,1,1,1,4,4,0,2,1,1,0,484079,2
1,1,1,1,4,5,1,4,3,1,1,637371,2
2,3,1,1,1,4,1,4,2,2,1,393966,2
5,2,4,3,2,1,0,2,3,3,0,769006,0
1,2,5,2,2,3,1,2,2,2,0,561739,3
4,2,1,1,4,1,1,1,3,3,1,617788,0
3,4,1,1,1,2,0,2,4,3,0,516977,0
3,4,1,4,3,2,1,2,3,2,1,949177,0
3,2,1,4,4,4,1,1,1,2,1,844838,2
5,2,2,2,2,3,1,2,3,3,0,612656,0
2,1,2,3,3,3,0,2,1,3,0,634134,2
4,4,3,2,1,3,0,2,3,3,0,579431,1
5,1,1,2,2,3,0,2,4,3,0,693484,0
4,2,3,4,3,4,1,2,3,2,1,959565,1
4,2,4,1,4,1,1,3,2,1,0,573622,0
2,2,3,2,2,4,1,2,4,1,0,737312,2
3,1,5,2,1,1,0,1,4,3,0,675077,3
2,3,2,2,2,5,0,2,2,1,0,568916,2
5,1,2,2,4,5,1,3,4,1,1,837274,1
5,3,1,2,1,1,1,1,4,1,0,650693,0
5,1,1,1,4,4,1,1,2,1,1,568559,1
2,1,4,2,3,2,1,2,4,1,0,767303,3
4,4,4,1,2,4,1,4,4,1,0,589594,1
4,1,5,1,4,2,1,3,4,3,1,709103,3
1,4,1,1,3,4,1,4,4,3,1,641858,2
5,3,1,3,1,3,1,2,3,3,0,685002,0
4,1,4,2,1,3,1,3,4,2,0,634895,1
1,4,4,3,3,5,1,4,4,1,1,913324,3
4,2,4,3,3,5,0,3,4,1,0,919944,1
5,4,2,3,1,1,0,2,3,2,0,695151,0
3,1,3,2,4,2,0,3,1,1,0,579919,0
5,4,3,2,3,3,1,2,4,3,1,794187,0
2,1,1,2,4,4,0,4,1,3,1,591927,2
4,3,2,3,1,1,0,3,1,2,0,538147,0
4,3,4,2,4,4,1,1,2,3,1,662378,1
2,4,1,4,4,3,0,2,2,2,0,926493,2
2,4,2,4,3,3,1,3,1,3,1,771545,2
3,4,5,1,4,3,1,1,3,1,0,654326,3
4,4,2,1,4,3,1,1,4,3,1,703057,0
4,1,1,3,4,4,0,1,4,2,1,931360,1
3,2,3,2,1,1,0,1,4,1,0,632048,0
1,2,4,1,1,3,1,2,2,2,0,389020,3
3,2,5,4,2,5,1,3,2,1,0,813935,1
5,2,2,1,1,1,1,1,4,1,0,532482,0
4,3,1,4,1,5,0,3,1,3,0,655663,1
2,1,1,3,2,4,1,3,2,3,1,682973,2
5,3,4,3,2,3,0,4,4,1,0,854446,1
4,1,1,1,3,1,1,3,1,3,1,405185,0
3,2,1,1,3,3,1,2,4,3,1,649699,2
5,3,4,2,1,3,1,2,2,2,0,511582,1
4,3,5,1,4,1,1,1,3,3,1,628061,0
1,3,3,2,3,3,1,3,3,1,0,681479,2
1,3,3,2,3,3,1,2,2,3,1,633972,2
2,1,2,1,1,2,1,2,1,1,0,316607,2
4,3,5,1,4,2,1,2,4,1,0,734597,3
1,1,2,3,2,1,1,1,2,2,0,660892,2
3,2,3,1,2,1,1,2,1,1,0,353931,0
4,2,4,1,1,3,1,3,4,1,0,544639,1
3,1,1,3,1,5,1,2,4,2,1,774654,2
3,2,3,5,4,1,1,2,2,1,0,1032942,0
1,4,5,2,1,3,0,1,4,2,0,636934,3
4,4,3,1,1,5,0,3,3,1,0,459733,1
5,2,5,2,1,2,0,2,3,3,0,569612,0
1,1,5,4,4,1,1,3,4,2,1,1085103,3
1,1,5,3,1,3,1,3,2,2,0,621855,3
4,2,2,3,3,2,1,2,4,1,0,904493,0
4,4,4,2,4,4,1,1,2,2,1,659306,1
3,1,3,2,3,2,1,3,2,1,0,628753,0
4,3,4,1,4,3,0,4,3,2,0,649984,1
3,1,1,3,3,5,1,2,3,2,1,806544,2
1,4,3,3,4,4,1,3,1,3,1,691425,2
2,2,4,5,2,4,1,3,2,1,0,891733,3
5,3,4,1,1,4,0,3,4,3,0,555375,1
1,2,1,1,1,1,1,2,2,2,0,360603,2
4,3,5,2,4,3,1,4,3,1,0,742152,1
5,1,3,3,3,4,1,3,2,3,1,725801,1
2,1,3,3,2,2,1,3,1,2,0,588906,3
2,4,1,1,3,5,1,1,4,3,1,659437,2
3,4,5,1,1,3,1,2,2,2,0,366985,3
5,4,3,2,1,2,1,2,4,2,0,656935,0
3,3,3,2,3,1,1,3,4,1,0,792515,0
1,4,3,4,4,4,1,1,3,1,1,991068,2
5,1,5,2,4,2,0,3,2,1,0,663531,0
1,2,1,3,3,3,1,3,4,2,1,916753,2
3,2,3,2,1,2,0,2,3,3,0,584288,0
5,3,4,3,3,1,0,1,1,1,0,665158,0
3,2,5,2,1,5,0,3,1,1,0,415481,1
5,1,2,4,3,4,0,2,2,1,0,856226,1
3,3,1,1,4,3,1,3,4,1,0,691117,2
2,4,4,2,2,4,1,3,2,2,1,562661,3
3,2,3,1,1,4,0,1,4,3,0,550068,1
2,1,2,2,2,4,1,1,3,2,1,652484,2
3,1,1,2,4,2,1,1,1,2,1,582459,2
5,2,5,1,3,2,1,3,1,2,1,411105,0
5,2,2,5,4,5,1,4,1,1,1,968909,1
5,3,2,1,2,1,1,1,1,3,0,349464,0
4,3,4,3,4,3,0,4,2,2,0,802554,1
1,3,1,5,4,2,0,4,4,2,0,1210707,2
5,2,4,1,3,4,0,4,2,2,1,474777,1
2,4,4,3,2,1,1,2,3,1,0,741432,3
5,2,3,1,2,3,1,3,1,1,0,344271,1
4,2,5,1,2,3,0,1,4,2,0,573801,3
2,4,2,2,1,3,0,3,2,1,0,477057,2
4,1,1,4,4,3,0,3,4,3,0,1076511,0
2,1,5,1,2,5,1,2,2,1,0,417510,3
3,4,5,2,4,3,0,2,4,2,0,818099,3
1,2,1,2,3,1,1,2,4,3,1,765193,2
1,3,5,4,3,2,0,3,1,1,0,770011,3
4,1,3,1,1,1,1,4,2,2,0,398900,0
1,3,5,3,1,4,0,3,3,3,0,690764,3
4,2,3,3,3,5,1,2,4,3,1,874450,1
4,1,2,3,2,5,0,3,3,3,0,744549,1
4,3,2,4,3,4,1,2,1,1,1,756960,1
1,2,4,4,4,1,1,2,3,3,1,986583,3
4,2,3,1,1,1,1,1,4,1,0,516996,0
1,1,2,2,1,4,1,4,4,2,1,648567,2
4,1,5,2,3,3,0,2,4,1,0,764201,3
5,2,1,2,2,3,0,1,2,1,0,535043,0
4,1,1,2,2,2,1,4,3,2,0,630420,0
2,4,3,2,4,1,1,2,2,1,0,690602,3
4,1,4,2,1,1,1,4,4,1,0,672324,0
3,2,5,5,3,4,1,4,4,2,1,1144620,3
4,1,3,1,3,4,1,3,1,3,1,439031,1
2,2,1,4,1,3,1,1,1,2,0,642629,2
2,4,3,2,3,1,0,4,4,3,0,778675,0
1,1,5,3,1,1,1,3,2,1,0,591662,3
5,4,2,4,2,5,0,4,2,2,0,784734,1
4,2,5,2,2,2,1,3,4,3,0,697589,3
1,3,2,2,3,2,0,2,3,1,0,713418,2
5,3,2,2,2,3,0,2,2,1,0,579364,0
4,4,2,2,2,1,1,3,4,1,0,694655,0
3,3,3,4,4,5,1,2,1,3,1,818749,1
4,3,1,4,1,1,0,2,4,3,0,880797,0
2,1,3,1,1,4,0,2,2,3,0,381930,2
2,1,1,1,3,3,1,4,4,1,0,636645,2
3,4,5,2,1,2,1,3,3,3,0,561895,3
1,2,4,1,4,1,1,1,3,2,1,644762,3
5,2,5,3,3,3,1,1,2,3,1,757634,1
4,3,3,1,3,2,0,3,4,3,0,651432,0
2,2,3,2,1,1,1,4,3,1,0,597890,3
1,4,1,1,2,5,1,2,3,2,1,506858,2
3,3,3,2,2,3,1,2,1,2,0,458233,1
2,3,2,3,2,1,0,4,2,2,0,693611,0
3,4,3,2,2,2,1,1,1,3,0,482004,0
4,1,1,5,4,2,1,3,1,1,0,956671,0
5,2,1,4,3,5,1,3,3,3,1,946760,1
2,2,2,2,2,3,1,4,4,1,0,718441,2
2,2,1,1,4,3,1,2,1,2,1,478233,2
4,3,4,4,3,1,1,2,2,3,1,867591,0
1,4,5,4,1,2,0,2,2,1,0,746285,3
5,2,3,4,1,2,1,3,4,3,0,872268,0
2,2,4,1,4,5,1,1,2,1,1,556220,1
5,4,3,5,3,5,1,3,1,2,1,918774,1
2,2,4,1,2,3,0,4,4,3,0,574438,3
5,2,3,3,3,2,1,3,2,2,1,754269,0
3,2,2,4,2,1,0,4,2,3,0,809066,0
2,4,1,1,4,4,0,3,1,3,1,469369,2
5,3,1,4,2,1,1,1,1,1,0,735896,0
1,3,2,2,4,5,1,4,1,1,1,596603,2
3,4,4,5,3,1,0,2,1,1,0,881319,3
3,2,5,1,3,2,1,2,4,2,1,644722,3
1,2,4,5,2,3,1,3,4,2,0,1087757,3
5,4,1,1,3,4,1,3,4,3,1,636028,1
4,2,5,3,2,3,0,1,3,1,0,776394,3
1,3,3,2,3,4,1,1,1,2,1,555093,2
5,4,5,2,1,4,1,2,1,3,1,415940,1
1,3,4,1,2,2,0,3,4,2,0,601448,3
1,3,2,3,4,2,1,4,2,3,1,778422,2
2,4,3,1,1,5,1,1,2,1,0,393441,2
5,4,4,2,4,5,0,4,1,3,1,590688,1
4,2,3,1,3,4,1,4,1,3,1,436280,1
2,1,5,5,1,5,1,1,4,1,0,1004472,3
1,2,1,1,3,2,1,3,1,1,0,404900,2
1,3,4,1,2,5,1,4,2,3,1,445671,3
1,2,2,1,4,4,0,3,2,2,1,537763,2
5,3,5,2,3,3,1,4,1,1,0,520960,1
5,2,4,1,4,1,0,3,4,3,0,701084,0
2,3,2,2,4,5,1,3,4,1,1,853043,2
4,1,4,4,3,2,0,3,2,1,0,832074,0
2,3,5,3,2,3,0,3,4,2,0,817825,3
3,3,4,2,4,2,1,1,2,1,0,684833,3
1,2,3,1,3,5,0,4,1,3,1,415205,2
1,2,5,3,2,4,1,3,2,3,1,685976,3
1,3,4,1,3,1,1,2,1,1,0,394674,3
2,2,1,3,2,1,1,4,4,1,0,851862,2
2,2,4,1,4,3,1,4,3,2,1,656905,3
1,4,3,2,1,1,0,3,3,2,0,598078,3
2,3,2,2,3,4,0,4,3,2,1,712013,2
5,4,2,4,4,2,1,2,2,3,1,890122,0
5,2,2,1,3,4,1,2,3,2,1,571480,1
2,2,1,2,3,3,1,2,2,3,1,599443,2
1,4,3,1,2,3,0,4,4,2,0,574433,2
2,3,5,3,3,1,0,4,1,3,0,630990,3
2,3,2,4,2,4,0,3,3,1,0,855556,2
2,2,3,2,4,2,0,4,2,3,0,676662,3
3,2,4,2,3,4,0,4,4,1,0,779097,1
5,1,1,4,4,2,1,3,4,3,1,1097418,0
4,2,3,2,1,2,0,2,3,3,0,554709,0
4,1,3,2,4,4,1,3,4,1,1,834357,1
3,1,5,2,3,5,1,1,4,3,1,786348,1
2,4,3,3,1,4,0,4,4,3,0,769186,2
3,2,5,1,2,2,1,4,2,2,0,443639,3
3,3,1,4,1,3,1,1,4,1,0,889208,2
1,4,1,2,3,3,1,1,4,1,0,797360,2
5,3,4,1,3,1,1,1,4,2,1,652479,0
4,1,5,3,4,3,0,3,4,2,0,957478,3
2,3,5,2,2,5,1,2,4,1,0,702922,3
4,3,2,1,3,2,1,3,2,1,0,497079,0
4,3,2,3,3,4,1,1,4,1,1,900766,1
5,3,4,4,2,4,1,3,4,2,1,949787,1
4,4,1,4,2,5,1,4,1,2,1,712537,1
4,3,2,5,4,3,1,3,4,3,1,1180383,0
3,2,3,4,1,2,1,1,4,2,0,908318,0
5,3,1,1,2,3,1,4,2,3,0,441895,0
1,1,3,2,3,1,1,2,4,3,1,795542,3
2,4,5,4,2,3,0,3,2,2,0,773207,3
4,1,1,2,3,1,0,3,3,2,0,698234,0
2,2,4,3,4,4,1,1,4,2,1,960568,3
1,4,5,3,1,2,0,2,1,2,0,513097,3
2,3,5,2,4,1,0,4,2,1,0,669022,3
1,2,3,4,2,3,1,1,3,2,0,894046,3
3,2,5,2,3,3,0,1,1,3,0,544392,3
4,4,2,2,2,4,0,3,2,3,0,545968,1
1,2,1,5,2,5,1,2,3,1,0,981149,2
2,4,2,2,2,5,1,1,1,1,0,459717,2
4,1,3,1,2,3,1,3,4,2,0,586642,1
3,3,3,2,1,5,1,4,1,1,0,403640,1
4,4,1,4,3,2,1,1,1,2,1,766837,0
1,1,5,3,2,5,1,4,1,2,1,578990,3
3,2,4,3,3,2,1,4,2,1,0,714170,3
2,1,3,3,1,3,1,3,4,1,0,774817,3
3,3,1,1,3,3,1,2,4,3,1,635136,2
3,3,4,4,3,3,1,4,2,1,0,831712,3
5,3,5,4,1,4,0,1,1,1,0,658794,1
3,1,3,1,2,5,0,2,4,1,0,604770,1
3,2,1,1,3,1,1,2,1,3,1,398151,0
4,1,1,5,4,1,0,3,4,2,0,1218438,0
2,2,1,4,3,3,1,1,2,3,1,869022,2
4,3,3,4,2,5,1,1,3,1,0,860473,1
4,4,4,4,4,2,1,3,1,1,0,825303,0
1,3,1,2,2,1,0,3,4,1,0,709495,2
4,2,5,3,3,3,1,2,4,2,1,891625,3
5,4,1,2,1,1,0,4,4,3,0,643761,0
5,3,4,1,2,1,1,4,2,3,0,418918,0
1,4,3,3,2,1,1,4,2,2,0,684599,3
2,3,1,2,1,3,0,4,3,3,0,551821,2
2,2,1,3,3,3,1,1,2,2,1,744584,2
4,1,5,2,2,4,0,1,1,2,0,498646,1
4,3,5,2,3,4,1,3,2,3,1,639243,1
4,1,1,1,3,4,0,3,4,3,1,666200,1
2,2,1,1,3,1,0,4,1,2,0,408353,2
3,3,5,1,1,5,0,3,2,3,0,398250,1
5,3,4,1,3,3,0,1,1,2,0,408768,1
3,3,2,5,3,4,1,4,1,3,1,906447,2
3,1,2,1,4,5,1,4,2,3,1,559184,1
2,2,1,1,4,4,1,1,1,3,1,499754,2
3,3,5,2,4,4,0,2,4,3,1,826811,3
1,4,3,3,2,5,1,4,4,3,1,836595,2
4,3,3,1,2,4,1,3,2,1,0,436032,1
1,4,2,3,4,1,1,2,2,1,0,810966,2
5,3,4,3,1,1,1,1,4,3,0,789031,0
4,3,2,1,1,1,1,2,2,3,0,367757,0
3,1,1,1,4,2,0,2,4,3,0,731600,0
5,3,4,4,2,4,1,4,1,2,1,701954,1
4,3,3,4,2,2,1,2,2,1,0,799793,0
3,3,5,3,1,3,1,3,3,2,0,707930,3
1,2,5,1,3,5,0,4,4,1,0,656806,3
4,3,1,2,1,3,0,1,4,1,0,653224,0
3,2,2,2,3,2,0,3,1,3,0,539236,0
1,3,1,1,2,1,0,4,3,3,0,493811,2
5,1,5,2,2,4,0,2,3,2,0,640368,1
5,4,3,3,4,4,1,3,3,2,1,886074,1
5,1,5,2,2,1,1,4,4,3,0,722719,0
5,1,4,3,3,4,1,4,4,3,1,878637,1
2,2,5,4,1,5,0,1,3,1,0,802133,3
4,3,5,2,4,5,1,4,2,1,1,696986,1
4,2,4,4,3,5,0,1,3,3,1,938871,1
2,2,2,1,1,3,1,2,1,1,0,297571,2
3,3,5,4,1,1,1,4,3,2,0,831472,3
3,2,1,1,1,5,1,4,3,1,0,478653,2
5,4,5,1,2,2,1,2,3,3,0,491401,0
1,4,1,3,1,5,1,4,2,1,0,600004,2
3,3,4,2,2,3,0,4,3,3,0,643313,3
1,2,5,4,1,2,0,3,3,1,0,825301,3
4,3,4,2,1,1,0,1,4,2,0,664777,0
1,1,4,1,2,1,0,4,3,2,0,518008,3
4,2,2,2,2,5,1,4,1,3,1,455901,1
2,2,5,2,3,2,0,1,4,3,0,754085,3
2,4,1,2,1,2,1,3,2,3,0,472215,2
5,1,1,3,2,5,0,1,4,1,0,858809,1
3,3,5,3,3,5,1,4,2,1,1,725763,1
5,3,2,4,3,4,1,2,2,1,1,832184,1
4,2,2,5,2,4,0,2,1,2,0,820354,1
5,1,2,1,1,5,1,3,3,3,1,464043,1
1,4,1,3,3,3,1,3,1,1,0,639504,2
4,3,4,2,1,4,0,4,4,2,0,633523,1
2,3,2,3,1,5,1,3,2,3,1,598707,2
3,2,1,2,3,2,0,4,4,2,0,771167,0
4,2,1,5,2,4,1,2,2,3,1,923787,1
4,2,4,3,1,3,1,3,4,1,0,775871,1
1,1,5,5,4,1,1,4,2,2,1,1033982,3
3,1,5,4,2,2,1,1,1,2,0,691049,3
2,4,2,4,3,3,0,3,2,2,0,843381,2
4,2,2,4,4,3,1,4,3,3,1,972340,0
4,1,4,2,1,3,1,4,1,3,0,432217,1
1,3,2,1,2,2,1,1,3,2,0,538390,2
5,3,4,2,4,3,1,2,4,3,1,845753,1
2,1,1,1,2,1,1,1,4,2,0,582061,2
3,3,2,2,1,4,1,4,2,1,0,475705,2
4,1,1,2,2,2,0,1,2,2,0,554014,0
4,1,3,2,4,3,1,1,4,2,1,843473,1
2,1,4,5,2,5,0,4,1,3,0,838147,3
5,4,3,4,3,4,1,2,3,3,1,912484,1
4,1,2,1,3,2,1,1,4,3,1,631745,0
2,1,1,2,4,5,1,1,1,1,1,592148,2
1,2,2,2,2,5,0,3,3,1,0,626216,2
5,4,3,2,4,3,1,3,2,1,0,682547,1
3,2,2,3,2,2,1,4,1,3,0,611929,0
4,2,5,2,1,3,1,4,1,2,0,436742,3
2,1,3,2,3,1,0,4,4,2,0,772012,3
1,2,2,4,1,5,1,3,3,2,1,790777,2
3,3,1,4,2,1,0,4,4,3,0,939525,0
2,3,2,1,1,3,1,1,2,3,0,393077,2
2,2,1,3,4,4,0,1,2,1,0,813348,2
3,2,5,2,4,5,0,2,3,3,1,733114,1
1,1,2,1,2,4,0,4,3,2,0,535173,2
1,2,5,1,3,2,0,1,3,1,0,585704,3
5,1,3,2,4,5,0,1,4,1,0,830494,1
4,3,1,2,3,1,1,2,3,3,1,671345,0
3,4,3,1,2,4,1,1,3,1,0,492041,1
3,4,1,3,3,2,0,2,4,1,0,884330,0
3,4,5,3,2,5,1,2,2,3,1,663198,1
1,3,4,1,1,2,1,3,2,1,0,390272,3
4,3,2,1,2,1,1,1,1,2,0,339747,0
5,2,5,4,1,5,0,3,2,3,0,727073,1
2,3,1,1,2,2,0,1,3,2,0,520286,2
2,2,1,4,4,3,1,3,2,2,1,918028,2
3,2,1,3,4,5,0,2,4,2,1,956110,2
4,3,1,2,3,5,0,2,2,2,1,613440,1
1,2,2,1,2,5,0,2,2,1,0,442887,2
4,2,3,1,2,5,0,2,1,1,0,368937,1
4,4,4,1,2,3,1,1,1,3,0,368600,1
1,1,2,1,3,1,0,4,3,3,0,597417,2
3,2,1,3,4,3,1,1,4,2,1,942246,2
4,4,2,1,2,3,1,3,3,2,0,517428,0
2,3,5,2,3,2,1,1,4,3,1,751613,3
1,3,1,2,2,4,0,1,4,3,0,738343,2
5,2,4,1,1,4,0,3,1,3,0,277623,1
3,2,1,1,2,2,1,2,2,3,0,445801,2
1,4,4,1,1,3,1,3,2,2,0,355659,3
5,3,4,1,3,2,1,3,1,3,1,435023,0
5,3,3,3,3,5,1,4,3,1,1,819653,1
4,1,3,2,4,2,1,4,2,2,1,662080,0
4,1,2,3,2,2,1,2,3,1,0,741976,0
4,4,2,2,3,5,1,3,2,3,1,633586,1
1,2,4,2,4,4,1,3,3,1,1,745718,3
1,3,1,2,2,5,0,3,4,3,0,699341,2
3,1,5,3,3,1,0,1,4,1,0,917964,3
4,3,5,1,1,2,0,4,2,2,0,366296,3
5,4,1,1,3,2,0,4,3,1,0,576285,0
2,3,1,2,1,4,1,2,3,2,1,564134,2
3,1,3,2,4,3,0,4,4,1,0,855009,0
1,3,5,2,4,5,1,4,3,1,1,759337,3
3,3,4,3,2,3,1,2,1,2,0,570455,3
3,2,2,2,2,1,0,3,3,2,0,617643,0
3,4,3,3,2,5,1,1,4,3,1,814620,1
3,3,5,2,4,1,0,2,1,2,0,578867,3
2,4,1,3,1,1,0,4,1,2,0,535577,2
4,3,5,3,2,1,1,2,3,3,0,758647,3
5,1,4,2,2,5,1,4,4,2,1,738894,1
3,2,3,3,4,5,0,3,4,2,1,955471,1
3,2,1,4,1,4,0,3,4,1,0,875099,2
3,4,4,2,3,2,0,3,1,3,0,523887,3
4,3,2,2,2,3,0,4,4,3,0,733314,0
1,3,3,3,3,3,0,2,1,1,0,678203,2
1,2,4,2,3,1,1,4,1,3,1,537669,3
2,1,4,1,2,5,0,3,2,1,0,410059,3
1,3,1,4,4,5,1,3,3,2,1,982673,2
3,2,2,1,2,1,1,3,4,3,0,592695,0
3,2,4,3,1,2,1,4,1,2,0,515531,3
3,3,3,3,1,3,0,1,3,3,0,672764,3
2,1,4,5,2,4,1,3,1,2,1,811794,3
3,2,5,1,3,2,0,2,3,3,0,560721,3
1,2,3,2,1,5,1,3,1,3,1,395686,2
4,1,3,2,1,1,0,4,4,2,0,677443,0
4,4,4,2,2,3,1,2,2,1,0,559467,1
5,2,1,1,2,1,0,4,2,3,0,447755,0
1,1,3,2,4,5,0,1,2,1,0,662888,2
3,2,5,2,2,1,0,1,1,1,0,489348,3
4,3,1,1,2,3,0,4,3,1,0,503533,0
1,2,1,3,1,1,1,3,4,1,0,771916,2
4,3,1,3,1,3,1,2,4,1,0,753553,0
3,1,3,3,1,1,0,3,1,1,0,518144,0
4,1,1,4,3,1,1,4,2,3,1,872042,0
5,2,4,2,1,3,1,4,1,1,0,435207,1
5,4,1,5,1,1,1,3,3,3,0,935509,0
4,4,5,4,2,2,0,2,2,3,0,775437,3
1,1,2,1,4,4,1,2,1,3,1,474547,2
1,3,5,1,1,2,0,2,3,2,0,462518,3
1,4,3,2,4,4,1,2,2,1,1,673830,2
4,2,1,2,1,2,1,2,4,2,0,675045,0
1,4,1,2,1,4,1,1,3,1,0,558749,2
3,1,4,2,4,1,1,1,4,2,1,856553,3
5,4,1,3,2,3,1,4,3,3,0,752349,0
3,3,5,2,1,3,0,1,2,2,0,499289,3
1,4,3,1,4,5,1,2,1,3,1,455915,2
3,3,2,4,1,4,0,2,1,2,0,658695,2
1,2,1,2,3,5,0,2,1,1,0,519734,2
4,4,2,5,3,5,1,4,1,1,1,884703,1
3,2,1,1,3,4,1,4,3,2,1,572499,2
4,2,3,5,3,3,1,3,1,2,1,891478,1
4,3,5,1,2,4,1,1,1,1,0,332382,1
2,3,3,1,3,1,1,1,3,2,1,580128,3
1,4,2,1,4,5,0,3,3,2,1,635583,2
5,2,1,3,1,5,0,3,2,1,0,632241,1
1,3,2,4,4,4,1,1,3,3,1,1007126,2
5,3,5,2,3,5,0,2,4,1,0,791080,1
1,1,3,4,2,3,1,1,2,1,0,816799,3
4,2,2,2,3,5,1,2,2,2,1,618692,1
3,2,2,3,3,4,1,4,1,1,1,662907,2
3,2,5,4,2,3,1,1,1,1,0,697644,3
2,4,1,1,2,3,0,1,4,2,0,604583,2
5,3,2,2,2,5,1,4,1,2,1,487069,1
5,3,5,4,2,4,0,4,3,3,0,895098,1
5,4,1,4,2,5,1,4,3,1,0,865185,1
4,2,1,5,2,1,0,4,1,3,0,850053,0
5,4,3,4,1,1,1,4,1,3,0,671988,0
3,2,5,1,3,3,1,3,3,3,1,560446,3
4,4,1,4,3,5,1,3,2,3,1,853162,1
1,1,3,2,2,1,1,4,4,1,0,704150,3
5,4,4,5,4,2,1,4,4,1,0,1211304,0
5,2,5,2,2,1,1,4,2,1,0,559837,0
1,2,4,2,1,5,1,4,4,3,1,666003,3
5,3,1,2,4,5,1,2,1,2,1,571387,1
1,2,5,2,1,1,1,2,1,1,0,402209,3
4,3,3,1,4,5,1,4,1,3,1,450983,1
3,2,1,4,4,5,1,4,4,3,1,1097114,2
1,3,5,4,2,2,0,1,2,3,0,802151,3
2,2,5,1,1,3,1,4,1,3,0,291803,3
1,1,4,3,4,5,1,4,2,3,1,789378,3
5,2,1,3,1,4,1,3,3,3,1,677548,1
4,2,3,2,2,3,1,2,3,1,0,649621,1
4,1,3,1,2,3,1,4,3,2,0,490775,1
1,2,1,4,2,4,1,2,4,1,0,951365,2
3,2,1,3,2,1,0,2,4,1,0,840707,0
2,1,2,2,3,2,1,1,1,3,1,559887,2
4,3,4,3,4,5,1,2,3,1,1,874137,1
5,4,1,1,3,1,1,2,2,2,1,491531,0
5,1,1,2,2,4,1,4,4,2,1,707870,1
3,3,2,1,4,2,0,3,2,3,0,579547,0
4,3,2,1,4,2,1,4,2,2,1,575738,0
1,2,5,3,1,2,1,4,1,3,0,512001,3
5,3,3,4,2,4,0,3,1,2,0,734407,1
3,2,4,2,3,1,1,3,2,2,1,604756,3
4,3,5,1,1,5,1,1,2,1,0,390830,1
4,1,1,3,4,2,1,3,2,2,1,797863,0
4,3,2,4,3,2,1,4,2,3,1,840046,0
4,3,3,3,2,1,1,3,3,2,0,753652,0
4,1,5,4,3,2,1,3,2,2,1,866956,3
5,2,3,2,3,2,1,3,4,1,0,763886,0
3,4,2,3,3,4,1,2,1,3,1,650745,2
4,2,5,1,1,3,1,1,4,3,0,549117,3
2,3,5,2,4,1,1,2,1,3,1,601823,3
2,4,3,2,3,1,1,2,1,1,0,548948,3
3,3,2,2,4,1,0,1,1,2,0,583322,0
1,3,1,4,1,4,0,2,4,3,0,877794,2
1,3,5,4,2,4,1,3,1,2,1,736169,3
1,4,1,1,2,5,1,1,2,2,1,459895,2
2,2,2,1,3,4,0,2,2,2,1,476162,2
1,2,5,2,1,1,0,4,3,1,0,598691,3
5,2,5,1,2,5,0,2,3,2,0,506757,1
4,4,1,3,1,3,1,4,3,1,0,675905,0
2,3,4,4,1,2,1,3,2,1,0,738765,3
3,1,1,5,3,2,1,4,4,1,0,1155044,0
3,4,1,3,3,5,1,2,3,3,1,828457,2
4,2,4,4,1,3,1,2,2,1,0,729404,1
2,1,2,2,1,2,0,2,1,3,0,405380,2
1,3,2,1,3,5,1,1,4,1,1,645508,2
1,2,5,2,1,4,1,1,4,1,0,649676,3
5,4,3,2,3,1,1,2,2,1,0,613260,0
5,2,3,3,4,3,1,2,2,1,0,776897,1
1,4,5,1,1,2,1,3,1,2,0,271564,3
3,3,3,2,3,1,1,1,1,2,1,559102,0
3,1,1,2,1,5,1,1,1,1,0,403870,2
5,4,1,5,3,2,1,1,4,2,1,1124219,0
4,3,4,2,1,1,1,4,4,3,0,646441,0
1,2,4,3,2,4,0,2,3,2,0,749880,3
5,2,5,3,2,3,1,3,3,2,0,740379,1
5,4,5,1,1,5,1,3,3,2,1,432948,1
1,2,5,2,2,2,0,2,4,1,0,719593,3
1,1,1,4,1,4,0,2,1,3,0,665902,2
3,1,3,2,1,3,0,3,3,1,0,567971,3
4,2,5,4,4,3,1,4,1,3,1,818969,1
4,3,5,1,4,4,1,3,1,1,1,470646,1
1,2,1,1,2,2,0,4,1,2,0,333678,2
2,2,1,4,4,3,0,4,3,3,0,1013508,2
5,1,1,4,4,5,1,1,3,2,1,997519,1
5,2,3,5,1,1,0,2,1,3,0,753343,0
1,4,5,3,3,5,0,1,3,3,1,794014,3
2,2,2,4,1,3,1,4,2,1,0,715107,2
3,4,2,4,4,1,1,3,3,1,0,1014638,0
1,2,5,4,1,4,0,1,1,2,0,667096,3
1,1,5,2,2,1,1,3,1,2,0,487423,3
5,4,5,2,3,1,0,4,4,3,0,788626,0
1,2,5,4,4,1,1,3,4,3,1,1088388,3
1,3,3,2,4,3,0,1,1,1,0,611880,2
1,4,2,2,1,2,0,4,2,1,0,502332,2
5,1,4,2,1,3,1,2,4,1,0,669772,1
3,1,2,2,1,2,1,1,1,1,0,424010,0
3,3,2,2,1,4,0,1,4,1,0,653399,2
1,2,1,1,4,4,0,2,4,3,1,739232,2
5,1,5,4,1,4,1,4,1,3,1,632661,1
3,1,5,2,4,4,1,2,3,2,1,734798,3
3,1,5,2,1,4,0,1,2,3,0,470540,3
3,3,1,1,3,5,1,4,3,1,1,572329,2
5,1,3,1,3,3,0,3,1,3,0,415850,1
5,2,3,1,1,2,1,1,1,3,0,289169,0
1,3,4,3,1,4,0,3,2,3,0,593157,3
4,2,3,1,2,5,0,2,1,2,0,367485,1
3,1,3,4,3,5,0,4,4,2,1,995336,1
4,3,5,1,4,5,1,2,2,3,1,537165,1
5,1,2,1,3,3,1,3,3,3,1,577618,0
5,3,3,1,4,4,1,1,2,1,1,572280,1
5,4,3,1,1,5,0,4,3,2,0,477496,1
4,2,1,3,3,5,0,2,1,1,0,643754,1
5,3,4,4,3,4,1,3,3,1,1,915209,1
1,2,1,3,2,3,0,3,3,3,0,744490,2
5,2,5,1,2,5,1,1,3,3,1,517601,1
2,4,2,1,3,2,0,3,2,3,0,477645,2
4,4,4,2,3,1,1,4,4,1,0,788508,0
2,2,1,5,3,1,1,3,3,1,0,1066922,2
5,3,3,1,4,1,1,1,2,1,0,565433,0
1,4,3,3,1,3,0,2,2,3,0,596018,2
3,4,4,2,2,5,0,4,4,3,0,716374,1
5,3,3,1,1,1,1,2,2,3,0,355713,0
1,2,1,2,2,1,1,2,1,1,0,495839,2
4,2,1,1,2,4,1,3,1,1,0,360072,1
2,4,3,3,2,5,1,3,1,2,1,591535,2
2,1,3,1,3,5,1,1,4,3,1,661320,2
2,3,5,3,2,4,1,3,2,1,0,677563,3
4,2,2,1,1,5,1,3,1,2,1,318095,1
1,2,4,5,2,2,1,2,3,1,0,988962,3
4,2,1,1,1,3,1,4,2,1,0,351026,0
2,4,4,4,2,4,1,3,1,3,1,694473,3
5,1,5,4,2,1,1,4,2,2,0,774667,0
3,3,1,5,3,5,1,3,1,1,1,897889,2
4,1,5,2,1,2,1,3,3,2,0,576140,3
4,1,5,3,2,2,1,1,2,2,0,666970,3
1,2,3,2,2,3,1,3,1,3,0,465941,2
1,3,4,1,1,2,0,1,1,2,0,299028,3
4,2,4,2,2,5,0,2,3,3,0,643452,1
2,2,3,1,4,5,1,4,3,3,1,632426,2
3,1,4,5,3,2,1,3,1,3,1,873268,3
1,2,3,1,1,5,0,1,1,2,0,285193,2
2,4,1,2,3,5,1,2,4,1,1,778066,2
5,4,5,3,4,1,0,3,4,3,0,930658,0
1,2,5,2,4,4,0,1,2,1,0,684064,3
2,3,4,3,4,5,1,1,2,2,1,804293,1
2,4,2,1,1,5,1,2,4,1,0,553042,2
3,1,5,2,4,3,0,3,1,1,0,609918,3
3,4,3,1,1,4,1,3,3,3,1,437792,1
5,4,2,4,1,4,0,4,2,3,0,716604,1
2,1,2,3,2,4,1,3,1,3,1,617821,2
2,1,5,5,1,2,0,1,3,2,0,948557,3
3,4,5,1,4,1,0,4,3,1,0,617420,3
1,3,5,1,1,1,1,4,1,2,0,308521,3
1,1,3,1,1,3,1,3,1,2,0,318312,2
4,2,2,1,3,4,0,4,2,2,1,493018,1
3,2,4,1,4,4,1,1,4,2,1,695108,1
4,3,3,3,1,5,0,1,1,3,0,537150,1
3,3,1,1,2,2,1,2,4,1,0,575247,0
5,4,5,2,1,2,0,1,2,3,0,478401,0
2,2,2,4,1,3,1,2,4,3,0,887007,2
5,3,3,3,3,1,1,4,4,2,1,879997,0
3,3,1,2,4,4,1,2,3,3,1,735261,2
2,2,3,2,4,3,1,3,2,1,0,654268,2
1,1,3,2,2,2,1,2,1,2,0,455984,3
1,4,4,1,2,2,1,3,4,3,0,590926,3
4,4,4,3,2,2,0,4,2,2,0,681862,0
3,2,3,2,1,4,1,2,3,1,0,582458,1
3,3,1,4,1,4,1,1,3,2,1,790010,2
1,2,2,3,2,4,1,3,4,3,1,827144,2
5,3,2,3,4,5,1,4,4,3,1,955903,1
2,3,5,2,4,1,0,1,1,1,0,571177,3
5,3,5,1,2,2,1,3,2,1,0,436946,0
5,4,2,3,3,2,1,4,1,2,1,639168,0
1,3,3,2,4,5,0,4,1,3,1,572389,2
1,2,3,1,4,2,1,1,3,1,0,616364,3
1,3,4,1,2,2,1,4,2,1,0,437033,3
4,1,4,1,4,4,1,2,1,3,1,498545,1
5,2,5,3,1,4,0,4,3,1,0,681865,1
3,2,2,1,1,1,1,3,4,1,0,528936,0
2,2,3,2,4,2,0,3,1,3,0,582327,3
4,3,2,2,1,3,1,3,4,1,0,662252,0
